job_title,experience_level,country,salary_usd,remote_ratio,employment_type,company_size,currency
AI/ML Engineer,Senior,Netherlands,96505,100,FT,L,USD
Backend Developer,Senior,Japan,90554,100,FT,S,USD
AI/ML Engineer,Junior,United States,118285,100,FT,L,USD
Frontend Engineer,Principal,Poland,159583,0,FT,L,USD
Frontend Engineer,Mid,Japan,69938,100,FT,M,USD
Data Scientist,Junior,Netherlands,62137,0,FT,L,USD
Cloud Security Engineer,Junior,United States,122993,50,FT,S,USD
Backend Developer,Junior,Singapore,56918,100,FT,M,USD
Senior Software Engineer,Junior,Germany,45019,100,FT,M,USD
Backend Developer,Junior,Netherlands,51229,100,FT,L,USD
Data Scientist,Senior,Singapore,113362,100,FT,M,USD
DevOps Specialist,Mid,Singapore,67019,100,FT,L,USD
DevOps Specialist,Mid,Estonia,72997,0,FT,S,USD
Senior Software Engineer,Senior,Estonia,110601,50,FT,M,USD
Fullstack Architect,Principal,Poland,148054,0,FT,S,USD
Fullstack Architect,Junior,Canada,54039,0,FT,M,USD
Backend Developer,Mid,United States,177475,0,FT,L,USD
Senior Software Engineer,Mid,United States,147493,0,FT,S,USD
Senior Software Engineer,Senior,Japan,94623,100,FT,L,USD
Senior Software Engineer,Lead,Australia,105735,100,FT,L,USD
AI/ML Engineer,Senior,Australia,90934,100,FT,S,USD
Senior Software Engineer,Mid,Singapore,77980,100,FT,M,USD
Senior Software Engineer,Mid,Canada,60223,50,FT,L,USD
Fullstack Architect,Mid,Japan,80051,100,FT,S,USD
DevOps Specialist,Lead,Estonia,127392,0,FT,S,USD
Data Scientist,Senior,United States,182058,100,FT,L,USD
Data Scientist,Principal,Germany,126345,50,FT,L,USD
Senior Software Engineer,Mid,Estonia,70956,0,FT,S,USD
Frontend Engineer,Mid,India,83624,50,FT,S,USD
AI/ML Engineer,Mid,Poland,68453,50,FT,M,USD
Backend Developer,Lead,Japan,114350,100,FT,L,USD
Data Scientist,Mid,Japan,62974,100,FT,L,USD
Senior Software Engineer,Lead,Bangladesh,131069,100,FT,L,USD
Backend Developer,Principal,Netherlands,138752,0,FT,M,USD
Data Scientist,Principal,Poland,145867,50,FT,S,USD
Frontend Engineer,Junior,Netherlands,61810,100,FT,S,USD
AI/ML Engineer,Senior,Estonia,108805,100,FT,M,USD
Data Scientist,Lead,Netherlands,107647,100,FT,L,USD
Data Scientist,Junior,Bangladesh,48516,100,FT,M,USD
Data Scientist,Mid,India,74328,50,FT,S,USD
Fullstack Architect,Senior,Poland,116873,50,FT,L,USD
DevOps Specialist,Mid,Japan,72209,100,FT,S,USD
Senior Software Engineer,Lead,Netherlands,128173,100,FT,M,USD
Cloud Security Engineer,Lead,Singapore,123449,100,FT,L,USD
Frontend Engineer,Principal,Germany,165302,0,FT,S,USD
Data Scientist,Mid,Canada,73143,50,FT,S,USD
Cloud Security Engineer,Senior,Singapore,107365,100,FT,L,USD
Backend Developer,Principal,Australia,134829,50,FT,S,USD
DevOps Specialist,Principal,Netherlands,132300,100,FT,M,USD
Frontend Engineer,Lead,Canada,102573,0,FT,S,USD
AI/ML Engineer,Junior,Poland,52477,0,FT,L,USD
DevOps Specialist,Mid,Germany,78422,100,FT,S,USD
AI/ML Engineer,Lead,Australia,129592,0,FT,M,USD
AI/ML Engineer,Senior,Japan,97528,0,FT,S,USD
Backend Developer,Mid,Japan,85522,100,FT,L,USD
Frontend Engineer,Senior,Netherlands,91862,100,FT,S,USD
Senior Software Engineer,Principal,Canada,141007,100,FT,M,USD
Cloud Security Engineer,Junior,Germany,49608,50,FT,S,USD
DevOps Specialist,Mid,United Kingdom,60711,100,FT,L,USD
Frontend Engineer,Senior,Bangladesh,87219,100,FT,S,USD
Fullstack Architect,Lead,United Kingdom,120635,0,FT,L,USD
DevOps Specialist,Senior,Canada,108424,100,FT,L,USD
Data Scientist,Senior,Canada,100617,50,FT,M,USD
DevOps Specialist,Senior,Japan,94427,100,FT,M,USD
Cloud Security Engineer,Principal,United Kingdom,126256,100,FT,S,USD
Fullstack Architect,Mid,Singapore,59860,0,FT,S,USD
Fullstack Architect,Mid,Bangladesh,84097,50,FT,L,USD
Fullstack Architect,Mid,Germany,61239,0,FT,S,USD
Cloud Security Engineer,Mid,Poland,80368,50,FT,M,USD
AI/ML Engineer,Junior,Estonia,50019,0,FT,S,USD
Backend Developer,Junior,Estonia,49788,0,FT,L,USD
Frontend Engineer,Senior,Germany,103451,50,FT,M,USD
AI/ML Engineer,Junior,Bangladesh,56063,0,FT,S,USD
Data Scientist,Senior,Estonia,91039,100,FT,L,USD
AI/ML Engineer,Senior,Netherlands,94988,50,FT,M,USD
Senior Software Engineer,Lead,United Kingdom,138016,100,FT,L,USD
Fullstack Architect,Junior,Germany,47211,0,FT,L,USD
Senior Software Engineer,Senior,Netherlands,83982,50,FT,L,USD
Frontend Engineer,Senior,Bangladesh,93870,100,FT,L,USD
Cloud Security Engineer,Junior,Japan,50157,0,FT,L,USD
Senior Software Engineer,Principal,Australia,159329,0,FT,L,USD
Cloud Security Engineer,Senior,Bangladesh,110304,0,FT,S,USD
AI/ML Engineer,Principal,Singapore,132485,0,FT,S,USD
Senior Software Engineer,Senior,Germany,116070,50,FT,L,USD
Senior Software Engineer,Junior,Canada,43525,0,FT,M,USD
Data Scientist,Junior,Estonia,52387,50,FT,S,USD
Fullstack Architect,Junior,India,55219,0,FT,M,USD
AI/ML Engineer,Lead,United States,289622,50,FT,L,USD
AI/ML Engineer,Principal,India,144898,0,FT,M,USD
DevOps Specialist,Senior,Canada,106498,50,FT,S,USD
Backend Developer,Principal,Germany,135401,50,FT,S,USD
Senior Software Engineer,Lead,Estonia,107025,50,FT,L,USD
AI/ML Engineer,Mid,Singapore,71952,50,FT,M,USD
Senior Software Engineer,Lead,United Kingdom,123390,100,FT,M,USD
Cloud Security Engineer,Lead,Netherlands,103669,100,FT,L,USD
Backend Developer,Junior,Canada,53010,100,FT,S,USD
DevOps Specialist,Lead,Poland,123117,50,FT,S,USD
Backend Developer,Junior,Estonia,50068,0,FT,S,USD
DevOps Specialist,Mid,India,81114,100,FT,L,USD
Fullstack Architect,Junior,United Kingdom,45830,0,FT,L,USD
AI/ML Engineer,Principal,United Kingdom,119347,0,FT,M,USD
AI/ML Engineer,Mid,Estonia,71223,100,FT,S,USD
Fullstack Architect,Principal,Australia,168835,50,FT,S,USD
Backend Developer,Junior,Estonia,61224,50,FT,S,USD
Senior Software Engineer,Principal,Poland,130771,50,FT,L,USD
Frontend Engineer,Lead,Poland,106014,100,FT,M,USD
Data Scientist,Senior,Netherlands,95335,100,FT,L,USD
Cloud Security Engineer,Junior,Netherlands,57743,0,FT,S,USD
Fullstack Architect,Senior,Japan,111983,50,FT,S,USD
Data Scientist,Junior,United States,100422,50,FT,L,USD
AI/ML Engineer,Lead,United Kingdom,138217,100,FT,S,USD
Fullstack Architect,Lead,Bangladesh,118081,50,FT,L,USD
Senior Software Engineer,Junior,United States,129548,50,FT,S,USD
Frontend Engineer,Senior,United States,225630,100,FT,S,USD
DevOps Specialist,Senior,Germany,114627,100,FT,S,USD
Cloud Security Engineer,Lead,United States,261893,50,FT,L,USD
AI/ML Engineer,Lead,United States,244696,50,FT,M,USD
Senior Software Engineer,Lead,Canada,98432,50,FT,S,USD
Cloud Security Engineer,Principal,Germany,130038,100,FT,S,USD
AI/ML Engineer,Lead,Poland,137872,0,FT,M,USD
Senior Software Engineer,Senior,Australia,100035,0,FT,S,USD
DevOps Specialist,Senior,Estonia,92526,0,FT,S,USD
Data Scientist,Senior,Singapore,109421,0,FT,M,USD
Senior Software Engineer,Principal,Netherlands,148862,100,FT,L,USD
Frontend Engineer,Junior,Poland,52032,0,FT,L,USD
Data Scientist,Principal,United Kingdom,123173,50,FT,S,USD
DevOps Specialist,Senior,India,100805,50,FT,M,USD
AI/ML Engineer,Lead,United States,256304,100,FT,M,USD
Senior Software Engineer,Senior,Netherlands,92968,0,FT,S,USD
Senior Software Engineer,Mid,Japan,68454,50,FT,L,USD
Frontend Engineer,Lead,United Kingdom,102877,0,FT,M,USD
AI/ML Engineer,Mid,Japan,64680,0,FT,S,USD
Cloud Security Engineer,Junior,India,58587,100,FT,S,USD
DevOps Specialist,Lead,India,111818,50,FT,M,USD
Cloud Security Engineer,Senior,United Kingdom,115918,100,FT,M,USD
Backend Developer,Principal,Canada,158546,100,FT,L,USD
Backend Developer,Junior,India,60479,100,FT,L,USD
Senior Software Engineer,Junior,India,51649,0,FT,M,USD
Backend Developer,Lead,Singapore,100542,50,FT,M,USD
Frontend Engineer,Senior,Australia,104234,50,FT,S,USD
Frontend Engineer,Junior,Netherlands,52904,50,FT,S,USD
AI/ML Engineer,Principal,United States,271386,0,FT,L,USD
AI/ML Engineer,Senior,Netherlands,97931,100,FT,S,USD
Data Scientist,Junior,India,52494,0,FT,L,USD
Data Scientist,Mid,Singapore,62490,0,FT,S,USD
Data Scientist,Lead,United States,232615,100,FT,S,USD
AI/ML Engineer,Junior,Poland,48980,50,FT,M,USD
Cloud Security Engineer,Mid,United States,143634,50,FT,S,USD
AI/ML Engineer,Principal,India,168561,0,FT,S,USD
Cloud Security Engineer,Junior,Canada,53495,50,FT,L,USD
Backend Developer,Lead,United States,220670,0,FT,M,USD
DevOps Specialist,Junior,United Kingdom,49944,100,FT,M,USD
Cloud Security Engineer,Lead,Singapore,128147,0,FT,L,USD
Fullstack Architect,Principal,Canada,153268,0,FT,L,USD
Senior Software Engineer,Lead,Canada,118520,50,FT,M,USD
Backend Developer,Principal,Canada,136750,50,FT,M,USD
Senior Software Engineer,Mid,Bangladesh,76129,100,FT,L,USD
Cloud Security Engineer,Junior,Bangladesh,51601,100,FT,S,USD
Senior Software Engineer,Senior,Singapore,111799,50,FT,L,USD
Senior Software Engineer,Junior,Australia,48957,50,FT,L,USD
Cloud Security Engineer,Lead,Singapore,114093,100,FT,L,USD
Fullstack Architect,Principal,Netherlands,143502,50,FT,M,USD
AI/ML Engineer,Mid,United States,179233,50,FT,S,USD
Frontend Engineer,Junior,Bangladesh,51406,0,FT,S,USD
Senior Software Engineer,Senior,Poland,94432,100,FT,M,USD
Fullstack Architect,Lead,Netherlands,136428,0,FT,L,USD
AI/ML Engineer,Mid,Australia,80864,50,FT,S,USD
AI/ML Engineer,Junior,Netherlands,55601,100,FT,M,USD
Senior Software Engineer,Senior,Japan,91722,100,FT,L,USD
Backend Developer,Mid,Canada,80351,100,FT,M,USD
Data Scientist,Lead,Singapore,114642,0,FT,S,USD
AI/ML Engineer,Principal,United Kingdom,140472,50,FT,M,USD
Cloud Security Engineer,Lead,Bangladesh,106249,100,FT,L,USD
Cloud Security Engineer,Senior,Canada,93861,0,FT,S,USD
Data Scientist,Junior,Australia,60991,100,FT,L,USD
Data Scientist,Mid,United States,180659,100,FT,M,USD
Backend Developer,Junior,Canada,53494,0,FT,L,USD
Senior Software Engineer,Principal,Germany,119427,0,FT,S,USD
Backend Developer,Mid,Canada,63558,50,FT,M,USD
Fullstack Architect,Lead,Poland,111995,100,FT,S,USD
Cloud Security Engineer,Junior,Germany,47797,0,FT,S,USD
AI/ML Engineer,Lead,Estonia,107821,0,FT,S,USD
Data Scientist,Mid,Poland,65843,0,FT,S,USD
Backend Developer,Principal,Poland,141326,50,FT,L,USD
Data Scientist,Lead,United Kingdom,136383,50,FT,M,USD
AI/ML Engineer,Lead,Canada,128199,100,FT,M,USD
Senior Software Engineer,Mid,Australia,80243,50,FT,S,USD
Backend Developer,Junior,Singapore,44868,100,FT,S,USD
DevOps Specialist,Junior,Singapore,51622,100,FT,S,USD
Fullstack Architect,Lead,India,135223,100,FT,S,USD
AI/ML Engineer,Mid,Canada,82145,0,FT,M,USD
Data Scientist,Junior,Germany,61123,100,FT,S,USD
Frontend Engineer,Mid,Japan,82606,50,FT,M,USD
AI/ML Engineer,Principal,Poland,128099,0,FT,L,USD
AI/ML Engineer,Junior,Netherlands,45365,0,FT,S,USD
Backend Developer,Principal,United States,273263,50,FT,M,USD
Frontend Engineer,Senior,Bangladesh,108820,50,FT,M,USD
Fullstack Architect,Mid,Poland,83818,50,FT,S,USD
Frontend Engineer,Junior,Netherlands,61350,100,FT,M,USD
Cloud Security Engineer,Lead,Poland,112150,100,FT,L,USD
Fullstack Architect,Junior,Bangladesh,48030,50,FT,L,USD
DevOps Specialist,Lead,Netherlands,110957,0,FT,S,USD
DevOps Specialist,Lead,Canada,102535,0,FT,L,USD
DevOps Specialist,Junior,United States,119787,50,FT,S,USD
Backend Developer,Senior,Canada,115229,50,FT,L,USD
AI/ML Engineer,Principal,Singapore,133037,50,FT,M,USD
Cloud Security Engineer,Mid,United Kingdom,78156,50,FT,S,USD
DevOps Specialist,Junior,Netherlands,54744,100,FT,M,USD
Frontend Engineer,Junior,Japan,57445,0,FT,S,USD
Data Scientist,Senior,Germany,98099,50,FT,S,USD
Cloud Security Engineer,Principal,Poland,157805,0,FT,M,USD
Cloud Security Engineer,Principal,Germany,120357,100,FT,L,USD
AI/ML Engineer,Mid,Singapore,80623,50,FT,S,USD
Cloud Security Engineer,Lead,Singapore,126288,0,FT,S,USD
Fullstack Architect,Lead,Bangladesh,113236,0,FT,L,USD
Data Scientist,Lead,United Kingdom,137393,0,FT,M,USD
Cloud Security Engineer,Mid,Estonia,77173,100,FT,M,USD
AI/ML Engineer,Lead,Japan,122984,50,FT,M,USD
Fullstack Architect,Lead,Australia,102170,0,FT,M,USD
Backend Developer,Mid,India,60040,0,FT,L,USD
Fullstack Architect,Lead,India,116546,50,FT,M,USD
Data Scientist,Senior,Bangladesh,86736,50,FT,L,USD
Frontend Engineer,Lead,Poland,132876,100,FT,L,USD
Senior Software Engineer,Lead,Singapore,127497,100,FT,M,USD
AI/ML Engineer,Principal,Bangladesh,122060,50,FT,S,USD
DevOps Specialist,Lead,Canada,121308,50,FT,S,USD
Backend Developer,Lead,Germany,116115,0,FT,M,USD
Frontend Engineer,Junior,India,60099,100,FT,M,USD
DevOps Specialist,Junior,Bangladesh,51416,0,FT,M,USD
AI/ML Engineer,Senior,Australia,97090,0,FT,L,USD
AI/ML Engineer,Lead,Australia,111437,100,FT,M,USD
Frontend Engineer,Lead,Canada,124986,100,FT,S,USD
Data Scientist,Senior,Singapore,108507,50,FT,S,USD
Data Scientist,Junior,Australia,53352,50,FT,S,USD
AI/ML Engineer,Principal,Singapore,147362,0,FT,S,USD
DevOps Specialist,Principal,Germany,152291,0,FT,M,USD
Data Scientist,Senior,Netherlands,81747,100,FT,S,USD
Senior Software Engineer,Junior,Germany,60916,100,FT,M,USD
DevOps Specialist,Senior,Japan,93595,0,FT,S,USD
Frontend Engineer,Principal,Bangladesh,166813,100,FT,L,USD
Frontend Engineer,Lead,Bangladesh,125004,100,FT,S,USD
AI/ML Engineer,Junior,Germany,48745,50,FT,M,USD
Senior Software Engineer,Mid,Germany,73277,50,FT,L,USD
Frontend Engineer,Junior,Australia,49416,100,FT,L,USD
Fullstack Architect,Principal,India,164389,100,FT,M,USD
Fullstack Architect,Principal,Poland,125200,100,FT,M,USD
DevOps Specialist,Lead,Canada,123440,0,FT,L,USD
Fullstack Architect,Junior,Estonia,58992,50,FT,L,USD
Senior Software Engineer,Principal,Germany,129602,0,FT,L,USD
Senior Software Engineer,Principal,Estonia,133237,0,FT,S,USD
Frontend Engineer,Junior,United Kingdom,53606,100,FT,M,USD
Data Scientist,Senior,Bangladesh,94736,0,FT,L,USD
Fullstack Architect,Principal,Netherlands,151025,100,FT,M,USD
Backend Developer,Senior,Japan,85283,0,FT,S,USD
Senior Software Engineer,Junior,Japan,59957,100,FT,L,USD
Backend Developer,Lead,India,120499,50,FT,S,USD
AI/ML Engineer,Principal,Germany,169364,0,FT,S,USD
Data Scientist,Lead,United States,223618,100,FT,S,USD
Backend Developer,Lead,Japan,129537,50,FT,M,USD
AI/ML Engineer,Lead,Canada,120224,50,FT,L,USD
Frontend Engineer,Principal,Singapore,147070,100,FT,S,USD
Senior Software Engineer,Lead,Germany,104870,0,FT,M,USD
Backend Developer,Mid,Bangladesh,72238,0,FT,M,USD
Cloud Security Engineer,Lead,Bangladesh,127082,50,FT,L,USD
Backend Developer,Principal,Germany,168732,50,FT,L,USD
DevOps Specialist,Senior,Canada,115020,100,FT,M,USD
Senior Software Engineer,Mid,India,72623,0,FT,L,USD
DevOps Specialist,Mid,Japan,60830,50,FT,S,USD
AI/ML Engineer,Mid,Australia,81584,50,FT,L,USD
DevOps Specialist,Lead,Bangladesh,97570,50,FT,M,USD
Senior Software Engineer,Senior,Netherlands,95253,50,FT,L,USD
DevOps Specialist,Senior,United Kingdom,108015,100,FT,S,USD
Data Scientist,Lead,Estonia,121423,50,FT,S,USD
Backend Developer,Junior,Estonia,55413,100,FT,L,USD
DevOps Specialist,Lead,India,112575,0,FT,M,USD
AI/ML Engineer,Junior,Bangladesh,59126,100,FT,S,USD
Backend Developer,Principal,India,142906,0,FT,M,USD
AI/ML Engineer,Principal,Poland,161601,0,FT,L,USD
Data Scientist,Mid,Canada,64390,0,FT,S,USD
DevOps Specialist,Principal,Germany,146790,50,FT,S,USD
Fullstack Architect,Mid,India,63222,50,FT,S,USD
Frontend Engineer,Mid,Japan,61993,100,FT,M,USD
Data Scientist,Senior,Poland,97316,0,FT,L,USD
Cloud Security Engineer,Mid,Bangladesh,80386,0,FT,M,USD
Backend Developer,Mid,Japan,59428,0,FT,L,USD
Senior Software Engineer,Senior,Poland,116325,50,FT,L,USD
Frontend Engineer,Mid,Singapore,67919,100,FT,M,USD
DevOps Specialist,Mid,Estonia,81690,100,FT,S,USD
Frontend Engineer,Principal,Netherlands,146881,100,FT,S,USD
Data Scientist,Junior,Netherlands,59927,100,FT,S,USD
Frontend Engineer,Mid,India,62832,50,FT,L,USD
Frontend Engineer,Principal,Bangladesh,164714,50,FT,M,USD
Fullstack Architect,Junior,Canada,58442,0,FT,S,USD
DevOps Specialist,Junior,Estonia,53915,0,FT,S,USD
Fullstack Architect,Lead,Netherlands,100066,50,FT,M,USD
DevOps Specialist,Mid,Singapore,65809,0,FT,S,USD
Fullstack Architect,Junior,Australia,55857,100,FT,M,USD
DevOps Specialist,Senior,Singapore,94604,0,FT,M,USD
Backend Developer,Lead,Poland,102671,0,FT,M,USD
Backend Developer,Senior,Netherlands,85207,100,FT,L,USD
AI/ML Engineer,Principal,Estonia,151089,50,FT,L,USD
Frontend Engineer,Junior,Canada,61396,100,FT,L,USD
Cloud Security Engineer,Mid,Bangladesh,74597,50,FT,S,USD
Senior Software Engineer,Senior,Canada,94321,0,FT,L,USD
DevOps Specialist,Principal,United States,257431,100,FT,M,USD
AI/ML Engineer,Senior,Japan,110293,0,FT,L,USD
Data Scientist,Senior,Germany,115263,100,FT,L,USD
AI/ML Engineer,Junior,India,59267,50,FT,M,USD
Senior Software Engineer,Senior,Netherlands,109077,50,FT,M,USD
Frontend Engineer,Junior,Japan,45132,50,FT,L,USD
Backend Developer,Mid,Canada,74718,50,FT,S,USD
Fullstack Architect,Mid,United Kingdom,84831,50,FT,S,USD
DevOps Specialist,Mid,Netherlands,70746,100,FT,L,USD
Cloud Security Engineer,Senior,United States,221815,100,FT,L,USD
Frontend Engineer,Lead,Germany,113978,50,FT,M,USD
AI/ML Engineer,Principal,Australia,165130,50,FT,S,USD
Frontend Engineer,Junior,Bangladesh,52546,100,FT,S,USD
AI/ML Engineer,Senior,India,107269,100,FT,M,USD
Cloud Security Engineer,Junior,India,58782,0,FT,L,USD
Senior Software Engineer,Lead,Germany,121254,50,FT,L,USD
AI/ML Engineer,Principal,Germany,171533,50,FT,S,USD
Senior Software Engineer,Lead,Germany,99569,50,FT,M,USD
Fullstack Architect,Junior,Netherlands,47213,50,FT,M,USD
DevOps Specialist,Lead,Canada,129056,0,FT,M,USD
Data Scientist,Principal,Netherlands,143782,100,FT,M,USD
Data Scientist,Junior,Germany,54515,0,FT,L,USD
AI/ML Engineer,Principal,Japan,134598,100,FT,S,USD
Cloud Security Engineer,Junior,Netherlands,46656,100,FT,L,USD
Frontend Engineer,Senior,Estonia,85932,50,FT,S,USD
Fullstack Architect,Mid,Germany,81483,100,FT,M,USD
Cloud Security Engineer,Principal,India,152286,0,FT,M,USD
Cloud Security Engineer,Junior,India,44881,50,FT,S,USD
DevOps Specialist,Lead,Germany,113906,0,FT,M,USD
DevOps Specialist,Senior,Netherlands,91507,0,FT,M,USD
Frontend Engineer,Principal,Singapore,151548,50,FT,S,USD
Cloud Security Engineer,Principal,Netherlands,164274,50,FT,L,USD
Backend Developer,Principal,Germany,124155,0,FT,S,USD
Backend Developer,Senior,Estonia,109367,100,FT,S,USD
Cloud Security Engineer,Principal,Germany,156403,50,FT,L,USD
Senior Software Engineer,Lead,Bangladesh,121627,50,FT,M,USD
AI/ML Engineer,Principal,Japan,127727,50,FT,M,USD
Senior Software Engineer,Lead,Estonia,130014,50,FT,S,USD
Senior Software Engineer,Principal,Canada,131151,50,FT,M,USD
Senior Software Engineer,Lead,Germany,110682,0,FT,S,USD
Cloud Security Engineer,Mid,Germany,68869,50,FT,L,USD
Fullstack Architect,Lead,Poland,116752,0,FT,S,USD
AI/ML Engineer,Senior,Bangladesh,83493,100,FT,S,USD
Data Scientist,Junior,Poland,46155,50,FT,L,USD
Data Scientist,Mid,Bangladesh,64089,50,FT,M,USD
Fullstack Architect,Lead,Netherlands,116981,0,FT,M,USD
DevOps Specialist,Principal,Canada,144941,100,FT,L,USD
AI/ML Engineer,Principal,United States,311284,0,FT,M,USD
DevOps Specialist,Principal,Netherlands,138991,100,FT,M,USD
AI/ML Engineer,Mid,Estonia,77316,50,FT,S,USD
Backend Developer,Junior,Netherlands,50823,50,FT,S,USD
Fullstack Architect,Lead,Estonia,116894,0,FT,M,USD
Data Scientist,Junior,Netherlands,58185,100,FT,S,USD
Frontend Engineer,Lead,Bangladesh,111497,50,FT,S,USD
Data Scientist,Mid,Japan,77921,100,FT,L,USD
Fullstack Architect,Mid,Poland,81614,0,FT,S,USD
Frontend Engineer,Senior,Bangladesh,106837,50,FT,M,USD
Backend Developer,Principal,Bangladesh,141884,0,FT,L,USD
Backend Developer,Principal,Poland,120028,100,FT,M,USD
Fullstack Architect,Senior,Japan,81017,100,FT,S,USD
AI/ML Engineer,Principal,Poland,143226,50,FT,S,USD
Data Scientist,Junior,Australia,60673,0,FT,S,USD
DevOps Specialist,Junior,Estonia,54933,50,FT,M,USD
AI/ML Engineer,Principal,Canada,133069,100,FT,M,USD
Fullstack Architect,Principal,Japan,169196,0,FT,L,USD
Senior Software Engineer,Lead,Bangladesh,139101,0,FT,M,USD
Data Scientist,Senior,Estonia,109965,50,FT,L,USD
Senior Software Engineer,Junior,Japan,49305,100,FT,M,USD
Backend Developer,Junior,Canada,61272,50,FT,L,USD
Backend Developer,Principal,Bangladesh,146566,50,FT,M,USD
Cloud Security Engineer,Senior,Australia,113745,100,FT,S,USD
Data Scientist,Lead,India,116923,0,FT,M,USD
Backend Developer,Mid,Poland,75540,50,FT,S,USD
Data Scientist,Junior,Germany,43727,0,FT,M,USD
AI/ML Engineer,Senior,Germany,95413,50,FT,S,USD
Fullstack Architect,Junior,United States,104515,100,FT,M,USD
Senior Software Engineer,Mid,Australia,71128,50,FT,L,USD
Cloud Security Engineer,Junior,Estonia,43394,100,FT,S,USD
Cloud Security Engineer,Mid,Germany,76336,0,FT,M,USD
Fullstack Architect,Principal,United States,270409,0,FT,L,USD
DevOps Specialist,Junior,United States,112739,100,FT,M,USD
Frontend Engineer,Junior,Singapore,56859,100,FT,S,USD
DevOps Specialist,Mid,United States,164444,50,FT,L,USD
Backend Developer,Junior,Germany,50248,100,FT,L,USD
Senior Software Engineer,Senior,Poland,87363,0,FT,L,USD
DevOps Specialist,Senior,India,94345,0,FT,L,USD
Cloud Security Engineer,Lead,Japan,111952,0,FT,M,USD
Data Scientist,Lead,Netherlands,114360,100,FT,M,USD
Backend Developer,Lead,Germany,102977,100,FT,M,USD
Frontend Engineer,Junior,Bangladesh,58000,50,FT,M,USD
Fullstack Architect,Mid,Germany,81609,100,FT,M,USD
Frontend Engineer,Junior,Australia,56219,0,FT,L,USD
Fullstack Architect,Principal,Estonia,156838,0,FT,M,USD
Frontend Engineer,Mid,Bangladesh,76229,100,FT,L,USD
Frontend Engineer,Principal,Germany,159862,50,FT,M,USD
Cloud Security Engineer,Junior,Germany,56391,0,FT,L,USD
Fullstack Architect,Senior,United Kingdom,91901,0,FT,S,USD
Senior Software Engineer,Senior,India,86471,50,FT,M,USD
Senior Software Engineer,Mid,Japan,82948,50,FT,S,USD
Fullstack Architect,Junior,Poland,58890,100,FT,M,USD
Frontend Engineer,Mid,Japan,65321,100,FT,S,USD
AI/ML Engineer,Junior,India,59734,0,FT,L,USD
Data Scientist,Mid,United States,133535,100,FT,S,USD
Data Scientist,Lead,Netherlands,98772,0,FT,S,USD
DevOps Specialist,Mid,Singapore,60348,0,FT,M,USD
Data Scientist,Mid,Canada,80767,100,FT,S,USD
Data Scientist,Lead,Japan,136032,0,FT,L,USD
Backend Developer,Lead,Poland,129455,0,FT,S,USD
Backend Developer,Mid,Japan,81377,50,FT,S,USD
Senior Software Engineer,Senior,Canada,89255,50,FT,M,USD
Senior Software Engineer,Senior,United Kingdom,97183,100,FT,L,USD
DevOps Specialist,Junior,Germany,51002,0,FT,M,USD
Frontend Engineer,Mid,Singapore,72645,100,FT,S,USD
Fullstack Architect,Junior,United States,134226,100,FT,S,USD
Data Scientist,Principal,United Kingdom,120674,50,FT,M,USD
Senior Software Engineer,Junior,Singapore,59966,0,FT,M,USD
Cloud Security Engineer,Junior,Japan,55695,100,FT,M,USD
Frontend Engineer,Principal,Germany,126555,50,FT,M,USD
Frontend Engineer,Lead,India,116377,0,FT,L,USD
Fullstack Architect,Principal,Australia,130886,0,FT,M,USD
Fullstack Architect,Senior,Poland,105089,100,FT,L,USD
Frontend Engineer,Junior,Netherlands,47287,100,FT,L,USD
Fullstack Architect,Principal,Netherlands,139825,100,FT,S,USD
Frontend Engineer,Principal,India,157251,0,FT,S,USD
AI/ML Engineer,Senior,Bangladesh,82930,0,FT,L,USD
AI/ML Engineer,Senior,Estonia,116270,100,FT,L,USD
Cloud Security Engineer,Lead,Canada,108619,50,FT,M,USD
Cloud Security Engineer,Junior,Netherlands,48908,50,FT,L,USD
AI/ML Engineer,Principal,United States,324563,0,FT,L,USD
Fullstack Architect,Lead,Bangladesh,113531,0,FT,S,USD
Fullstack Architect,Lead,United Kingdom,139090,50,FT,L,USD
AI/ML Engineer,Lead,Australia,137963,0,FT,S,USD
AI/ML Engineer,Principal,Bangladesh,131645,100,FT,M,USD
Backend Developer,Junior,Singapore,50659,0,FT,M,USD
AI/ML Engineer,Mid,Germany,79642,100,FT,L,USD
Backend Developer,Mid,Germany,83240,0,FT,L,USD
Backend Developer,Junior,Singapore,53320,0,FT,M,USD
AI/ML Engineer,Principal,Australia,159721,0,FT,S,USD
AI/ML Engineer,Principal,Japan,142367,100,FT,M,USD
Fullstack Architect,Lead,Estonia,139138,100,FT,M,USD
DevOps Specialist,Principal,Japan,154312,0,FT,L,USD
Frontend Engineer,Mid,Japan,84042,0,FT,M,USD
Cloud Security Engineer,Principal,Japan,147733,100,FT,M,USD
AI/ML Engineer,Senior,Netherlands,91672,100,FT,M,USD
Frontend Engineer,Lead,Germany,100602,50,FT,S,USD
Data Scientist,Mid,Singapore,61369,50,FT,M,USD
DevOps Specialist,Mid,United Kingdom,59599,100,FT,L,USD
DevOps Specialist,Mid,Bangladesh,78959,100,FT,S,USD
Backend Developer,Principal,Canada,146093,50,FT,L,USD
Backend Developer,Mid,Australia,84342,0,FT,L,USD
Fullstack Architect,Junior,United States,125862,0,FT,L,USD
Senior Software Engineer,Principal,Australia,141831,100,FT,S,USD
DevOps Specialist,Principal,Australia,141182,100,FT,L,USD
Fullstack Architect,Lead,Japan,119940,100,FT,S,USD
Cloud Security Engineer,Lead,Canada,126988,100,FT,L,USD
Backend Developer,Principal,Singapore,120489,0,FT,M,USD
Backend Developer,Lead,Poland,118860,0,FT,L,USD
Backend Developer,Lead,Germany,104577,0,FT,L,USD
Fullstack Architect,Principal,Japan,158400,0,FT,M,USD
DevOps Specialist,Junior,United Kingdom,54123,100,FT,S,USD
Cloud Security Engineer,Senior,Singapore,107544,0,FT,M,USD
Fullstack Architect,Senior,United States,213009,50,FT,S,USD
Fullstack Architect,Junior,Bangladesh,57525,0,FT,S,USD
Senior Software Engineer,Junior,Estonia,49347,50,FT,S,USD
Data Scientist,Senior,Bangladesh,110202,50,FT,M,USD
Backend Developer,Senior,Poland,115382,100,FT,S,USD
AI/ML Engineer,Principal,Estonia,157412,100,FT,M,USD
AI/ML Engineer,Lead,Poland,127866,100,FT,S,USD
Data Scientist,Mid,United Kingdom,72951,0,FT,M,USD
Backend Developer,Principal,India,144404,50,FT,M,USD
Frontend Engineer,Mid,Australia,75068,100,FT,S,USD
Backend Developer,Mid,Singapore,73430,100,FT,L,USD
Data Scientist,Junior,Bangladesh,59751,50,FT,L,USD
Fullstack Architect,Mid,Germany,74231,0,FT,S,USD
Frontend Engineer,Senior,United States,186008,50,FT,M,USD
Cloud Security Engineer,Junior,Singapore,46112,50,FT,L,USD
Senior Software Engineer,Senior,Poland,111542,0,FT,S,USD
Frontend Engineer,Mid,Germany,70161,0,FT,S,USD
Frontend Engineer,Principal,Singapore,132893,50,FT,S,USD
Frontend Engineer,Principal,Poland,162366,100,FT,M,USD
Fullstack Architect,Senior,Germany,116209,50,FT,L,USD
Fullstack Architect,Mid,Japan,65356,0,FT,L,USD
Backend Developer,Mid,Germany,69138,100,FT,L,USD
Senior Software Engineer,Junior,Poland,49101,100,FT,M,USD
Data Scientist,Principal,Estonia,168252,50,FT,S,USD
AI/ML Engineer,Mid,Netherlands,66210,50,FT,S,USD
Cloud Security Engineer,Lead,Japan,135951,0,FT,L,USD
DevOps Specialist,Senior,Singapore,90532,50,FT,M,USD
DevOps Specialist,Lead,Estonia,139201,0,FT,M,USD
Cloud Security Engineer,Lead,Estonia,126964,50,FT,S,USD
Data Scientist,Senior,United States,180970,50,FT,S,USD
Data Scientist,Lead,United Kingdom,138390,0,FT,S,USD
Fullstack Architect,Mid,United Kingdom,60876,50,FT,S,USD
Fullstack Architect,Mid,India,81343,100,FT,S,USD
Cloud Security Engineer,Senior,Poland,114843,0,FT,L,USD
Senior Software Engineer,Senior,Singapore,107571,50,FT,L,USD
Senior Software Engineer,Lead,Poland,126433,0,FT,L,USD
Data Scientist,Senior,Canada,110568,100,FT,S,USD
Fullstack Architect,Mid,Canada,68569,0,FT,L,USD
Senior Software Engineer,Principal,Estonia,166429,100,FT,S,USD
Senior Software Engineer,Lead,Bangladesh,126884,0,FT,M,USD
Fullstack Architect,Lead,Canada,101526,50,FT,L,USD
Fullstack Architect,Mid,United Kingdom,80639,0,FT,M,USD
Fullstack Architect,Junior,India,44031,50,FT,S,USD
Senior Software Engineer,Mid,Poland,60421,100,FT,S,USD
Frontend Engineer,Principal,United States,269450,0,FT,L,USD
Cloud Security Engineer,Lead,Canada,138086,0,FT,S,USD
Fullstack Architect,Senior,Netherlands,113043,0,FT,L,USD
DevOps Specialist,Principal,Germany,170874,0,FT,L,USD
Fullstack Architect,Lead,Australia,132283,0,FT,S,USD
Cloud Security Engineer,Junior,Singapore,52289,0,FT,S,USD
Frontend Engineer,Mid,Canada,69922,50,FT,S,USD
Backend Developer,Senior,United Kingdom,81110,0,FT,M,USD
Frontend Engineer,Lead,Germany,135205,50,FT,M,USD
AI/ML Engineer,Mid,Bangladesh,69017,0,FT,M,USD
Fullstack Architect,Senior,Bangladesh,109423,100,FT,S,USD
Cloud Security Engineer,Lead,Poland,137009,0,FT,L,USD
Senior Software Engineer,Junior,Germany,50184,50,FT,M,USD
DevOps Specialist,Junior,United States,126582,50,FT,M,USD
Cloud Security Engineer,Mid,Germany,76457,50,FT,M,USD
Fullstack Architect,Junior,United States,133320,50,FT,L,USD
DevOps Specialist,Lead,Estonia,118095,50,FT,S,USD
AI/ML Engineer,Junior,Estonia,55552,50,FT,M,USD
AI/ML Engineer,Principal,India,120866,0,FT,L,USD
AI/ML Engineer,Junior,United Kingdom,47973,50,FT,S,USD
Senior Software Engineer,Lead,Estonia,97377,50,FT,L,USD
Data Scientist,Senior,United Kingdom,113956,0,FT,L,USD
Frontend Engineer,Senior,Germany,96462,0,FT,S,USD
AI/ML Engineer,Junior,India,61634,0,FT,M,USD
Fullstack Architect,Senior,Bangladesh,91694,50,FT,M,USD
Data Scientist,Senior,Canada,99931,100,FT,S,USD
AI/ML Engineer,Principal,Germany,146143,0,FT,L,USD
Frontend Engineer,Mid,Netherlands,71827,0,FT,S,USD
Backend Developer,Mid,Japan,66730,100,FT,S,USD
Data Scientist,Senior,Japan,107596,100,FT,M,USD
Cloud Security Engineer,Mid,Germany,60189,100,FT,S,USD
AI/ML Engineer,Mid,Australia,75016,0,FT,L,USD
DevOps Specialist,Mid,Australia,84243,100,FT,S,USD
Senior Software Engineer,Mid,Germany,80468,0,FT,M,USD
Fullstack Architect,Junior,Estonia,55935,0,FT,S,USD
Senior Software Engineer,Senior,Singapore,114519,50,FT,S,USD
Senior Software Engineer,Mid,Estonia,73104,100,FT,S,USD
DevOps Specialist,Junior,Singapore,47914,50,FT,L,USD
Data Scientist,Lead,Singapore,117967,0,FT,S,USD
Cloud Security Engineer,Mid,United States,155014,50,FT,L,USD
Senior Software Engineer,Mid,United States,152782,100,FT,M,USD
Cloud Security Engineer,Mid,India,60334,0,FT,L,USD
Cloud Security Engineer,Lead,Singapore,100490,50,FT,L,USD
Cloud Security Engineer,Mid,Estonia,81808,0,FT,L,USD
Frontend Engineer,Mid,United Kingdom,66088,50,FT,S,USD
Data Scientist,Lead,United Kingdom,134607,50,FT,L,USD
AI/ML Engineer,Principal,Estonia,140719,50,FT,L,USD
AI/ML Engineer,Junior,Estonia,59139,50,FT,S,USD
Senior Software Engineer,Mid,United States,168349,0,FT,L,USD
Cloud Security Engineer,Lead,Estonia,114064,0,FT,S,USD
AI/ML Engineer,Lead,Australia,135468,50,FT,M,USD
Backend Developer,Lead,Australia,138549,100,FT,L,USD
DevOps Specialist,Senior,Australia,85075,0,FT,S,USD
DevOps Specialist,Mid,Netherlands,68323,50,FT,M,USD
Fullstack Architect,Senior,Australia,82372,0,FT,S,USD
Cloud Security Engineer,Senior,Bangladesh,82672,50,FT,S,USD
Frontend Engineer,Junior,Netherlands,57269,50,FT,L,USD
Data Scientist,Mid,Canada,84571,0,FT,M,USD
Senior Software Engineer,Principal,Poland,137367,50,FT,L,USD
Data Scientist,Principal,Netherlands,158403,50,FT,L,USD
Frontend Engineer,Junior,Australia,58149,50,FT,S,USD
DevOps Specialist,Principal,India,154741,50,FT,S,USD
Data Scientist,Junior,Japan,44192,50,FT,S,USD
Backend Developer,Senior,India,113056,50,FT,M,USD
Fullstack Architect,Junior,Japan,61653,0,FT,S,USD
DevOps Specialist,Lead,Germany,139571,50,FT,S,USD
Fullstack Architect,Mid,Australia,82125,100,FT,M,USD
AI/ML Engineer,Lead,Australia,121471,0,FT,S,USD
Cloud Security Engineer,Senior,Canada,83593,100,FT,L,USD
Frontend Engineer,Principal,Singapore,140615,50,FT,S,USD
Data Scientist,Principal,Japan,167278,100,FT,S,USD
AI/ML Engineer,Junior,Poland,45252,50,FT,M,USD
Senior Software Engineer,Principal,United States,292900,100,FT,M,USD
Fullstack Architect,Mid,India,81567,0,FT,S,USD
Data Scientist,Senior,Estonia,86633,0,FT,S,USD
DevOps Specialist,Mid,India,76694,50,FT,M,USD
AI/ML Engineer,Senior,Estonia,102394,50,FT,M,USD
Frontend Engineer,Mid,Poland,85763,0,FT,S,USD
AI/ML Engineer,Principal,Japan,140864,50,FT,M,USD
Backend Developer,Lead,Japan,124517,0,FT,L,USD
Backend Developer,Lead,United Kingdom,117717,100,FT,M,USD
Senior Software Engineer,Lead,United States,220526,100,FT,S,USD
AI/ML Engineer,Senior,Singapore,104785,0,FT,L,USD
Fullstack Architect,Mid,Estonia,81091,50,FT,L,USD
AI/ML Engineer,Lead,Netherlands,97729,0,FT,L,USD
Frontend Engineer,Mid,Bangladesh,65013,100,FT,S,USD
Data Scientist,Lead,Bangladesh,121306,0,FT,L,USD
Cloud Security Engineer,Junior,United Kingdom,47232,100,FT,L,USD
Cloud Security Engineer,Junior,Poland,55465,0,FT,M,USD
Senior Software Engineer,Senior,United States,216358,0,FT,L,USD
Data Scientist,Lead,Netherlands,113963,0,FT,S,USD
Backend Developer,Junior,Singapore,61584,100,FT,L,USD
Cloud Security Engineer,Mid,Germany,78371,50,FT,M,USD
AI/ML Engineer,Mid,India,64036,0,FT,M,USD
Fullstack Architect,Mid,Singapore,83012,100,FT,M,USD
Backend Developer,Junior,Australia,44733,100,FT,L,USD
Fullstack Architect,Principal,Poland,138813,100,FT,M,USD
Senior Software Engineer,Mid,Canada,61819,50,FT,L,USD
Data Scientist,Mid,Netherlands,77628,100,FT,S,USD
Frontend Engineer,Mid,Singapore,69674,50,FT,S,USD
Frontend Engineer,Lead,Poland,134073,50,FT,L,USD
DevOps Specialist,Senior,Canada,83171,50,FT,M,USD
Fullstack Architect,Junior,United States,106242,50,FT,S,USD
Fullstack Architect,Principal,Singapore,127057,0,FT,M,USD
DevOps Specialist,Lead,India,136661,100,FT,M,USD
Senior Software Engineer,Junior,Germany,53266,100,FT,M,USD
AI/ML Engineer,Junior,Estonia,61965,0,FT,S,USD
Fullstack Architect,Lead,Australia,98359,0,FT,L,USD
Fullstack Architect,Mid,Canada,64809,100,FT,S,USD
Fullstack Architect,Mid,Estonia,83795,50,FT,M,USD
Senior Software Engineer,Senior,Germany,105238,50,FT,L,USD
Fullstack Architect,Lead,Canada,138158,100,FT,L,USD
Cloud Security Engineer,Senior,India,92031,50,FT,L,USD
Fullstack Architect,Junior,Japan,58124,100,FT,L,USD
Backend Developer,Senior,India,116312,50,FT,L,USD
Cloud Security Engineer,Junior,United Kingdom,61042,50,FT,M,USD
Cloud Security Engineer,Principal,United States,270954,0,FT,S,USD
AI/ML Engineer,Lead,Bangladesh,138620,0,FT,L,USD
Frontend Engineer,Junior,Canada,45355,50,FT,M,USD
Data Scientist,Junior,Bangladesh,44105,100,FT,L,USD
Backend Developer,Mid,Netherlands,83464,0,FT,M,USD
Senior Software Engineer,Junior,United Kingdom,59577,50,FT,L,USD
DevOps Specialist,Mid,Netherlands,72769,0,FT,S,USD
AI/ML Engineer,Mid,Australia,78277,50,FT,S,USD
Cloud Security Engineer,Mid,Germany,67399,50,FT,S,USD
Fullstack Architect,Lead,Japan,125869,100,FT,L,USD
AI/ML Engineer,Mid,Japan,60303,50,FT,L,USD
Data Scientist,Lead,Japan,103284,0,FT,S,USD
Data Scientist,Principal,United Kingdom,128684,100,FT,M,USD
Senior Software Engineer,Lead,Canada,115066,50,FT,S,USD
Backend Developer,Junior,Germany,52377,50,FT,M,USD
Cloud Security Engineer,Principal,United States,364457,50,FT,M,USD
Senior Software Engineer,Junior,United States,103653,50,FT,M,USD
Backend Developer,Lead,Japan,108247,100,FT,M,USD
AI/ML Engineer,Lead,United Kingdom,123814,50,FT,L,USD
Backend Developer,Junior,Netherlands,52333,100,FT,S,USD
Data Scientist,Senior,United States,199111,100,FT,M,USD
Frontend Engineer,Junior,Australia,61588,0,FT,L,USD
Senior Software Engineer,Senior,India,87958,100,FT,M,USD
Cloud Security Engineer,Junior,Bangladesh,52084,0,FT,M,USD
DevOps Specialist,Principal,India,130285,50,FT,M,USD
DevOps Specialist,Junior,United States,104591,0,FT,M,USD
Frontend Engineer,Lead,Germany,112813,0,FT,S,USD
Backend Developer,Senior,Japan,111978,0,FT,S,USD
Data Scientist,Senior,United States,200250,50,FT,L,USD
Fullstack Architect,Lead,United Kingdom,139504,50,FT,M,USD
Backend Developer,Lead,Germany,120684,100,FT,M,USD
AI/ML Engineer,Junior,Australia,59288,50,FT,S,USD
AI/ML Engineer,Principal,India,130617,100,FT,M,USD
DevOps Specialist,Junior,United Kingdom,44852,50,FT,L,USD
Fullstack Architect,Junior,Netherlands,45788,100,FT,M,USD
AI/ML Engineer,Senior,Poland,90215,50,FT,L,USD
Cloud Security Engineer,Senior,Netherlands,92438,100,FT,M,USD
Frontend Engineer,Lead,Estonia,130118,0,FT,L,USD
Cloud Security Engineer,Junior,Singapore,47579,0,FT,M,USD
Cloud Security Engineer,Mid,Netherlands,77708,100,FT,L,USD
Senior Software Engineer,Senior,Netherlands,91514,100,FT,S,USD
Backend Developer,Junior,United Kingdom,57233,0,FT,L,USD
DevOps Specialist,Principal,United Kingdom,125756,0,FT,L,USD
AI/ML Engineer,Mid,Bangladesh,76610,100,FT,L,USD
Frontend Engineer,Mid,Germany,61168,100,FT,S,USD
AI/ML Engineer,Lead,Netherlands,123272,0,FT,S,USD
Data Scientist,Mid,United Kingdom,62464,0,FT,L,USD
DevOps Specialist,Lead,United Kingdom,109560,50,FT,L,USD
Data Scientist,Junior,Bangladesh,53282,50,FT,M,USD
Senior Software Engineer,Lead,Estonia,128903,50,FT,M,USD
Fullstack Architect,Principal,Bangladesh,120481,50,FT,M,USD
Frontend Engineer,Mid,Netherlands,65973,100,FT,L,USD
Data Scientist,Lead,Bangladesh,130021,0,FT,M,USD
Backend Developer,Senior,India,109512,100,FT,S,USD
AI/ML Engineer,Mid,Netherlands,80585,100,FT,L,USD
Fullstack Architect,Junior,Germany,54179,50,FT,L,USD
Fullstack Architect,Senior,Estonia,95799,0,FT,M,USD
DevOps Specialist,Mid,India,68517,50,FT,M,USD
Frontend Engineer,Mid,United Kingdom,80513,50,FT,S,USD
Cloud Security Engineer,Lead,Poland,99176,50,FT,S,USD
Cloud Security Engineer,Junior,Poland,55171,0,FT,M,USD
Cloud Security Engineer,Mid,Bangladesh,84388,0,FT,S,USD
Data Scientist,Senior,United States,202760,100,FT,M,USD
DevOps Specialist,Mid,Canada,61959,100,FT,S,USD
Senior Software Engineer,Lead,Japan,99458,0,FT,M,USD
Fullstack Architect,Lead,Bangladesh,128613,100,FT,M,USD
Frontend Engineer,Principal,Australia,151882,50,FT,M,USD
Fullstack Architect,Senior,Japan,82621,50,FT,S,USD
AI/ML Engineer,Senior,Estonia,95987,0,FT,L,USD
Senior Software Engineer,Mid,India,65272,0,FT,S,USD
Frontend Engineer,Lead,Bangladesh,138512,50,FT,L,USD
Fullstack Architect,Junior,United Kingdom,60321,100,FT,L,USD
AI/ML Engineer,Mid,Bangladesh,73909,100,FT,S,USD
Cloud Security Engineer,Junior,India,57547,0,FT,L,USD
Fullstack Architect,Mid,United States,147419,0,FT,L,USD
Frontend Engineer,Mid,Bangladesh,72180,50,FT,M,USD
Frontend Engineer,Senior,United States,181216,100,FT,M,USD
Fullstack Architect,Senior,United States,250736,100,FT,M,USD
Frontend Engineer,Mid,Poland,85627,50,FT,S,USD
AI/ML Engineer,Principal,United Kingdom,147710,50,FT,S,USD
AI/ML Engineer,Junior,Canada,50017,0,FT,S,USD
Senior Software Engineer,Lead,Germany,132430,50,FT,S,USD
Senior Software Engineer,Principal,United States,298397,50,FT,S,USD
Data Scientist,Junior,Poland,43329,50,FT,M,USD
DevOps Specialist,Lead,United Kingdom,107812,50,FT,L,USD
DevOps Specialist,Mid,Estonia,76130,50,FT,S,USD
Data Scientist,Senior,Japan,95144,0,FT,L,USD
Cloud Security Engineer,Mid,Germany,83555,0,FT,S,USD
DevOps Specialist,Senior,Canada,88241,50,FT,M,USD
Fullstack Architect,Senior,United States,204798,50,FT,L,USD
Senior Software Engineer,Mid,Canada,81354,50,FT,M,USD
Cloud Security Engineer,Lead,Estonia,114423,0,FT,S,USD
Cloud Security Engineer,Mid,Singapore,60005,50,FT,M,USD
DevOps Specialist,Junior,Poland,57751,100,FT,M,USD
DevOps Specialist,Lead,Japan,139163,0,FT,M,USD
Cloud Security Engineer,Lead,Netherlands,104061,0,FT,S,USD
DevOps Specialist,Principal,Netherlands,130813,0,FT,S,USD
DevOps Specialist,Principal,Canada,123501,100,FT,M,USD
Cloud Security Engineer,Principal,Estonia,163010,100,FT,M,USD
Senior Software Engineer,Mid,Australia,84584,0,FT,S,USD
AI/ML Engineer,Lead,Australia,100353,0,FT,L,USD
AI/ML Engineer,Mid,Japan,67517,50,FT,S,USD
AI/ML Engineer,Senior,Japan,106781,0,FT,S,USD
AI/ML Engineer,Mid,India,74095,100,FT,M,USD
Cloud Security Engineer,Lead,Germany,136788,100,FT,L,USD
Frontend Engineer,Principal,Japan,144803,0,FT,L,USD
Frontend Engineer,Mid,Australia,71909,100,FT,M,USD
AI/ML Engineer,Mid,Bangladesh,65762,0,FT,L,USD
Senior Software Engineer,Mid,Australia,72572,0,FT,L,USD
Frontend Engineer,Senior,United States,227729,50,FT,M,USD
Backend Developer,Mid,United States,134620,50,FT,L,USD
AI/ML Engineer,Mid,Singapore,73791,0,FT,L,USD
Cloud Security Engineer,Lead,Bangladesh,108963,50,FT,S,USD
Frontend Engineer,Senior,United States,221485,50,FT,M,USD
Cloud Security Engineer,Mid,Singapore,80990,50,FT,M,USD
Backend Developer,Junior,India,45800,100,FT,M,USD
DevOps Specialist,Mid,Bangladesh,64284,100,FT,L,USD
AI/ML Engineer,Principal,Netherlands,121393,50,FT,S,USD
Data Scientist,Mid,Japan,62901,50,FT,M,USD
Cloud Security Engineer,Mid,Germany,66362,50,FT,S,USD
Frontend Engineer,Lead,Japan,129518,50,FT,L,USD
Senior Software Engineer,Junior,Canada,43601,0,FT,L,USD
Senior Software Engineer,Principal,Germany,138945,100,FT,L,USD
AI/ML Engineer,Mid,Canada,74024,0,FT,L,USD
Senior Software Engineer,Junior,Bangladesh,56292,100,FT,S,USD
DevOps Specialist,Junior,Singapore,58767,0,FT,M,USD
Cloud Security Engineer,Principal,United Kingdom,169718,100,FT,S,USD
DevOps Specialist,Lead,Bangladesh,104200,0,FT,M,USD
AI/ML Engineer,Junior,India,48423,50,FT,M,USD
Cloud Security Engineer,Junior,Australia,52227,0,FT,L,USD
Senior Software Engineer,Mid,Singapore,61980,100,FT,M,USD
Backend Developer,Junior,Estonia,54402,100,FT,L,USD
Data Scientist,Lead,United Kingdom,105740,100,FT,M,USD
Cloud Security Engineer,Mid,Germany,75072,0,FT,S,USD
Senior Software Engineer,Principal,Netherlands,168020,50,FT,S,USD
Data Scientist,Lead,Netherlands,129931,100,FT,M,USD
Fullstack Architect,Senior,United Kingdom,104069,0,FT,S,USD
Data Scientist,Junior,Australia,51408,0,FT,L,USD
Fullstack Architect,Mid,Estonia,61296,50,FT,L,USD
AI/ML Engineer,Junior,United Kingdom,51730,0,FT,M,USD
Senior Software Engineer,Lead,United States,233984,100,FT,M,USD
Senior Software Engineer,Lead,Canada,133294,100,FT,S,USD
Backend Developer,Lead,Netherlands,125885,100,FT,L,USD
Cloud Security Engineer,Senior,Germany,108440,100,FT,S,USD
Senior Software Engineer,Lead,Germany,105071,100,FT,M,USD
Cloud Security Engineer,Principal,Canada,167888,0,FT,L,USD
AI/ML Engineer,Lead,Poland,122946,50,FT,M,USD
Fullstack Architect,Lead,Poland,116065,50,FT,L,USD
Cloud Security Engineer,Lead,United States,289751,100,FT,M,USD
Fullstack Architect,Junior,Netherlands,61793,50,FT,L,USD
AI/ML Engineer,Junior,Australia,51511,100,FT,M,USD
Data Scientist,Junior,Japan,48864,0,FT,L,USD
Frontend Engineer,Senior,Canada,89962,0,FT,L,USD
Cloud Security Engineer,Lead,United States,290527,50,FT,L,USD
Data Scientist,Principal,Bangladesh,162767,0,FT,M,USD
Frontend Engineer,Principal,Germany,156947,0,FT,L,USD
AI/ML Engineer,Lead,Canada,116593,100,FT,L,USD
DevOps Specialist,Junior,Germany,57982,0,FT,L,USD
DevOps Specialist,Mid,Germany,81168,100,FT,M,USD
Senior Software Engineer,Junior,Estonia,51874,0,FT,L,USD
Backend Developer,Principal,United Kingdom,135757,50,FT,L,USD
Frontend Engineer,Principal,Singapore,162491,50,FT,L,USD
AI/ML Engineer,Mid,Bangladesh,68790,100,FT,M,USD
AI/ML Engineer,Mid,India,83610,0,FT,L,USD
Frontend Engineer,Junior,Netherlands,48693,100,FT,M,USD
Backend Developer,Senior,Germany,85273,100,FT,S,USD
Fullstack Architect,Principal,Estonia,148184,0,FT,M,USD
Fullstack Architect,Junior,Germany,59112,100,FT,S,USD
Fullstack Architect,Senior,Germany,112129,50,FT,L,USD
DevOps Specialist,Mid,Singapore,68219,50,FT,M,USD
DevOps Specialist,Senior,Germany,86256,100,FT,L,USD
Fullstack Architect,Principal,Singapore,148062,100,FT,S,USD
Senior Software Engineer,Senior,Germany,87492,50,FT,L,USD
AI/ML Engineer,Junior,United States,108077,100,FT,L,USD
Data Scientist,Senior,Estonia,104705,0,FT,S,USD
Data Scientist,Lead,Netherlands,128735,50,FT,M,USD
Senior Software Engineer,Senior,Germany,110969,100,FT,S,USD
AI/ML Engineer,Mid,Canada,65470,0,FT,M,USD
Backend Developer,Principal,Japan,167708,100,FT,M,USD
Data Scientist,Senior,Canada,116517,50,FT,M,USD
Senior Software Engineer,Mid,Bangladesh,83484,0,FT,S,USD
DevOps Specialist,Principal,Singapore,141497,0,FT,L,USD
Frontend Engineer,Senior,United States,223455,50,FT,S,USD
Cloud Security Engineer,Senior,United Kingdom,90164,0,FT,S,USD
DevOps Specialist,Principal,Estonia,130394,0,FT,S,USD
Frontend Engineer,Principal,Bangladesh,124371,0,FT,L,USD
Cloud Security Engineer,Lead,Singapore,127836,100,FT,M,USD
Senior Software Engineer,Principal,Estonia,135229,0,FT,L,USD
Data Scientist,Senior,Japan,109879,100,FT,S,USD
Cloud Security Engineer,Senior,Estonia,87121,0,FT,S,USD
Fullstack Architect,Junior,India,55629,0,FT,M,USD
Frontend Engineer,Principal,United Kingdom,140975,100,FT,L,USD
AI/ML Engineer,Junior,Singapore,57903,50,FT,L,USD
Fullstack Architect,Mid,Bangladesh,73775,100,FT,M,USD
Backend Developer,Lead,Poland,108821,100,FT,M,USD
Frontend Engineer,Principal,Singapore,168387,0,FT,L,USD
Cloud Security Engineer,Senior,India,101475,0,FT,L,USD
Frontend Engineer,Junior,Germany,48914,0,FT,L,USD
Frontend Engineer,Junior,Canada,52510,0,FT,L,USD
Cloud Security Engineer,Principal,Canada,125985,100,FT,L,USD
Frontend Engineer,Junior,Bangladesh,54377,100,FT,M,USD
Frontend Engineer,Lead,Singapore,116624,0,FT,M,USD
Backend Developer,Mid,Germany,67729,100,FT,L,USD
Cloud Security Engineer,Lead,Australia,102221,50,FT,S,USD
Fullstack Architect,Junior,United States,97995,50,FT,S,USD
Fullstack Architect,Senior,Japan,83741,100,FT,M,USD
Backend Developer,Lead,Australia,113368,0,FT,S,USD
Fullstack Architect,Lead,Japan,134461,100,FT,L,USD
DevOps Specialist,Lead,United States,294135,0,FT,S,USD
Fullstack Architect,Senior,Estonia,97532,0,FT,L,USD
DevOps Specialist,Principal,Netherlands,167397,100,FT,L,USD
Frontend Engineer,Junior,Canada,49750,0,FT,L,USD
Fullstack Architect,Senior,Netherlands,111267,50,FT,L,USD
DevOps Specialist,Junior,Australia,58872,100,FT,S,USD
Senior Software Engineer,Mid,Netherlands,68107,0,FT,M,USD
AI/ML Engineer,Lead,Germany,104223,50,FT,L,USD
Cloud Security Engineer,Senior,Canada,105687,0,FT,M,USD
Cloud Security Engineer,Mid,Bangladesh,62270,50,FT,L,USD
Senior Software Engineer,Lead,Australia,139415,100,FT,L,USD
AI/ML Engineer,Junior,Singapore,54898,50,FT,L,USD
Cloud Security Engineer,Principal,Netherlands,136873,100,FT,M,USD
Data Scientist,Senior,Bangladesh,81289,0,FT,S,USD
Backend Developer,Junior,Germany,46300,0,FT,M,USD
AI/ML Engineer,Senior,United Kingdom,114398,0,FT,L,USD
Frontend Engineer,Junior,Estonia,60362,0,FT,M,USD
DevOps Specialist,Junior,Poland,56437,100,FT,M,USD
Frontend Engineer,Junior,Estonia,57787,100,FT,M,USD
Data Scientist,Lead,Estonia,101409,0,FT,S,USD
Data Scientist,Mid,United Kingdom,75923,50,FT,L,USD
DevOps Specialist,Lead,Singapore,130150,50,FT,S,USD
DevOps Specialist,Senior,Bangladesh,115817,0,FT,L,USD
Cloud Security Engineer,Junior,Bangladesh,59285,50,FT,M,USD
Data Scientist,Junior,Australia,59118,0,FT,M,USD
Senior Software Engineer,Principal,Germany,135377,100,FT,M,USD
Fullstack Architect,Principal,Singapore,168564,0,FT,L,USD
Backend Developer,Junior,United Kingdom,53837,100,FT,L,USD
AI/ML Engineer,Lead,Canada,103528,0,FT,L,USD
AI/ML Engineer,Junior,India,59303,50,FT,L,USD
Data Scientist,Mid,United States,135761,0,FT,L,USD
Fullstack Architect,Junior,Singapore,44756,100,FT,M,USD
Frontend Engineer,Junior,United Kingdom,60954,100,FT,M,USD
DevOps Specialist,Junior,Germany,58799,100,FT,S,USD
Backend Developer,Lead,Singapore,130115,100,FT,L,USD
DevOps Specialist,Principal,Japan,157364,50,FT,M,USD
Backend Developer,Senior,Netherlands,84440,50,FT,M,USD
Cloud Security Engineer,Principal,Bangladesh,128039,100,FT,L,USD
DevOps Specialist,Lead,Estonia,105152,100,FT,M,USD
Fullstack Architect,Lead,Estonia,105673,0,FT,M,USD
Cloud Security Engineer,Principal,Germany,146283,100,FT,M,USD
Senior Software Engineer,Lead,Poland,132970,50,FT,M,USD
DevOps Specialist,Senior,India,95061,100,FT,M,USD
Data Scientist,Mid,United States,153424,50,FT,S,USD
Senior Software Engineer,Senior,Japan,108357,0,FT,M,USD
Cloud Security Engineer,Senior,Canada,100670,50,FT,L,USD
Frontend Engineer,Senior,Netherlands,99704,0,FT,L,USD
Backend Developer,Lead,India,125322,50,FT,S,USD
Frontend Engineer,Senior,Bangladesh,110881,50,FT,L,USD
Cloud Security Engineer,Lead,Poland,118747,50,FT,S,USD
Data Scientist,Lead,Bangladesh,129012,0,FT,S,USD
Frontend Engineer,Mid,Poland,69375,0,FT,S,USD
Cloud Security Engineer,Senior,India,113334,50,FT,M,USD
Senior Software Engineer,Mid,Singapore,65467,50,FT,M,USD
Fullstack Architect,Principal,Japan,156211,50,FT,M,USD
Senior Software Engineer,Lead,Estonia,136847,100,FT,M,USD
Fullstack Architect,Lead,Poland,117520,0,FT,L,USD
DevOps Specialist,Lead,Poland,135212,0,FT,L,USD
Cloud Security Engineer,Mid,Bangladesh,60299,50,FT,M,USD
Cloud Security Engineer,Mid,Australia,62776,100,FT,L,USD
DevOps Specialist,Principal,India,160011,0,FT,L,USD
Backend Developer,Junior,Netherlands,48616,100,FT,M,USD
Fullstack Architect,Senior,Japan,94945,50,FT,S,USD
Cloud Security Engineer,Senior,Estonia,109430,100,FT,M,USD
Cloud Security Engineer,Senior,Germany,83376,0,FT,L,USD
Fullstack Architect,Principal,Estonia,149668,0,FT,M,USD
Frontend Engineer,Principal,Australia,129762,50,FT,S,USD
Fullstack Architect,Principal,Poland,166511,50,FT,L,USD
Data Scientist,Principal,United States,281761,0,FT,L,USD
AI/ML Engineer,Lead,India,101159,0,FT,M,USD
Cloud Security Engineer,Mid,United States,185600,50,FT,M,USD
Backend Developer,Lead,Germany,99657,100,FT,M,USD
DevOps Specialist,Lead,Canada,127435,0,FT,L,USD
Frontend Engineer,Principal,Canada,141688,0,FT,M,USD
Fullstack Architect,Principal,Australia,161608,50,FT,M,USD
Backend Developer,Principal,Germany,120978,100,FT,M,USD
Frontend Engineer,Lead,Singapore,101240,100,FT,L,USD
Senior Software Engineer,Mid,Estonia,76509,0,FT,S,USD
Data Scientist,Senior,India,106934,50,FT,S,USD
DevOps Specialist,Principal,Australia,162163,0,FT,S,USD
Cloud Security Engineer,Principal,Canada,131452,100,FT,S,USD
Data Scientist,Mid,India,73493,100,FT,M,USD
Data Scientist,Mid,Estonia,62317,0,FT,S,USD
Frontend Engineer,Mid,Bangladesh,76815,50,FT,M,USD
DevOps Specialist,Senior,Bangladesh,94310,0,FT,M,USD
Cloud Security Engineer,Mid,Bangladesh,71047,0,FT,L,USD
Senior Software Engineer,Senior,Poland,89859,50,FT,L,USD
Backend Developer,Lead,India,98903,0,FT,M,USD
Backend Developer,Mid,Japan,85734,100,FT,S,USD
Fullstack Architect,Principal,Germany,147734,100,FT,M,USD
Backend Developer,Lead,Canada,130542,0,FT,L,USD
Fullstack Architect,Principal,Poland,156518,100,FT,L,USD
Cloud Security Engineer,Senior,Singapore,105600,0,FT,L,USD
Frontend Engineer,Mid,India,71293,0,FT,M,USD
Frontend Engineer,Lead,Japan,128681,50,FT,M,USD
Senior Software Engineer,Lead,Japan,102341,0,FT,L,USD
Senior Software Engineer,Mid,Netherlands,69817,50,FT,S,USD
Frontend Engineer,Lead,Bangladesh,137330,0,FT,L,USD
Cloud Security Engineer,Junior,Bangladesh,54208,50,FT,L,USD
AI/ML Engineer,Lead,Germany,129620,50,FT,L,USD
Senior Software Engineer,Junior,Germany,61539,0,FT,S,USD
Backend Developer,Lead,India,139003,50,FT,M,USD
DevOps Specialist,Senior,Bangladesh,102108,100,FT,L,USD
Fullstack Architect,Junior,Japan,43500,100,FT,S,USD
Fullstack Architect,Lead,Estonia,101379,100,FT,L,USD
Fullstack Architect,Mid,Bangladesh,59703,100,FT,M,USD
Cloud Security Engineer,Senior,United States,208272,0,FT,M,USD
AI/ML Engineer,Mid,Bangladesh,82977,100,FT,S,USD
Frontend Engineer,Principal,Australia,166938,0,FT,M,USD
Cloud Security Engineer,Mid,Estonia,79528,0,FT,S,USD
Backend Developer,Senior,Singapore,97161,50,FT,L,USD
AI/ML Engineer,Senior,Poland,105242,0,FT,L,USD
AI/ML Engineer,Junior,United Kingdom,54476,100,FT,L,USD
Data Scientist,Lead,India,107722,0,FT,L,USD
Senior Software Engineer,Mid,Japan,61764,50,FT,M,USD
Backend Developer,Junior,Germany,58403,50,FT,M,USD
Senior Software Engineer,Junior,United States,111728,50,FT,L,USD
Fullstack Architect,Lead,India,116648,50,FT,L,USD
Data Scientist,Principal,United Kingdom,127365,100,FT,M,USD
Fullstack Architect,Junior,United States,116006,50,FT,S,USD
Fullstack Architect,Mid,Estonia,62852,0,FT,L,USD
Fullstack Architect,Junior,Germany,44312,100,FT,L,USD
Cloud Security Engineer,Lead,Singapore,99745,50,FT,M,USD
Backend Developer,Senior,Japan,86426,50,FT,L,USD
Senior Software Engineer,Senior,Singapore,86046,100,FT,M,USD
Fullstack Architect,Principal,India,160599,0,FT,L,USD
Backend Developer,Senior,Poland,90135,100,FT,S,USD
Fullstack Architect,Lead,United Kingdom,131965,100,FT,S,USD
Cloud Security Engineer,Mid,Estonia,72522,50,FT,L,USD
AI/ML Engineer,Lead,India,117754,100,FT,M,USD
AI/ML Engineer,Senior,United Kingdom,106773,0,FT,L,USD
DevOps Specialist,Junior,Singapore,54486,100,FT,S,USD
Backend Developer,Principal,Canada,137365,50,FT,L,USD
Fullstack Architect,Senior,United Kingdom,101191,100,FT,L,USD
Cloud Security Engineer,Mid,Singapore,76562,0,FT,M,USD
Data Scientist,Lead,Germany,117186,0,FT,L,USD
Data Scientist,Senior,Estonia,87368,0,FT,L,USD
DevOps Specialist,Junior,Estonia,59101,0,FT,S,USD
Data Scientist,Junior,United States,108485,0,FT,S,USD
Fullstack Architect,Senior,Singapore,103915,50,FT,S,USD
Data Scientist,Mid,Canada,77797,50,FT,M,USD
Backend Developer,Junior,United Kingdom,53048,50,FT,L,USD
Data Scientist,Junior,United States,127939,100,FT,L,USD
Backend Developer,Junior,United Kingdom,56601,50,FT,L,USD
DevOps Specialist,Senior,United States,242373,0,FT,M,USD
Cloud Security Engineer,Mid,Netherlands,70207,50,FT,M,USD
Backend Developer,Mid,Poland,73419,100,FT,S,USD
Cloud Security Engineer,Mid,India,80723,50,FT,L,USD
Cloud Security Engineer,Principal,Canada,164211,50,FT,L,USD
Data Scientist,Mid,Estonia,76567,0,FT,M,USD
AI/ML Engineer,Senior,Poland,102412,100,FT,M,USD
Cloud Security Engineer,Principal,United States,314306,50,FT,S,USD
Senior Software Engineer,Senior,Netherlands,82345,50,FT,L,USD
Backend Developer,Principal,India,136715,50,FT,M,USD
Data Scientist,Senior,Australia,96729,50,FT,M,USD
Frontend Engineer,Lead,United States,261895,100,FT,M,USD
Senior Software Engineer,Mid,Bangladesh,74895,0,FT,L,USD
Backend Developer,Junior,Australia,43203,100,FT,L,USD
DevOps Specialist,Principal,Netherlands,139294,50,FT,S,USD
Data Scientist,Mid,Netherlands,61432,100,FT,S,USD
Senior Software Engineer,Lead,United Kingdom,128807,0,FT,L,USD
Frontend Engineer,Senior,Germany,106887,100,FT,L,USD
DevOps Specialist,Lead,Estonia,126293,100,FT,M,USD
Data Scientist,Principal,Singapore,160867,0,FT,L,USD
DevOps Specialist,Junior,Estonia,45171,50,FT,L,USD
Backend Developer,Senior,Singapore,83873,50,FT,L,USD
Data Scientist,Junior,United States,107830,50,FT,M,USD
Fullstack Architect,Junior,Australia,51811,100,FT,L,USD
Cloud Security Engineer,Principal,United Kingdom,156721,0,FT,M,USD
AI/ML Engineer,Junior,United States,135007,0,FT,S,USD
Senior Software Engineer,Mid,Bangladesh,67944,0,FT,M,USD
Frontend Engineer,Junior,Estonia,57094,50,FT,S,USD
AI/ML Engineer,Junior,Canada,56821,0,FT,M,USD
Frontend Engineer,Junior,Japan,50753,50,FT,M,USD
Backend Developer,Lead,United Kingdom,108509,100,FT,M,USD
Frontend Engineer,Principal,India,123942,0,FT,S,USD
Frontend Engineer,Lead,United States,231017,100,FT,L,USD
Senior Software Engineer,Principal,Japan,133598,0,FT,M,USD
Senior Software Engineer,Principal,Bangladesh,132629,0,FT,S,USD
Data Scientist,Senior,Australia,95386,0,FT,S,USD
Cloud Security Engineer,Principal,Bangladesh,158014,100,FT,S,USD
Backend Developer,Junior,Canada,53824,50,FT,M,USD
Fullstack Architect,Senior,Germany,94526,100,FT,M,USD
Backend Developer,Senior,United States,253245,100,FT,L,USD
Fullstack Architect,Senior,Bangladesh,115533,50,FT,L,USD
Data Scientist,Lead,Canada,124848,100,FT,S,USD
Backend Developer,Lead,Singapore,121964,0,FT,S,USD
Frontend Engineer,Mid,Japan,81035,100,FT,S,USD
Cloud Security Engineer,Principal,Poland,168066,50,FT,S,USD
Backend Developer,Principal,Poland,162656,100,FT,S,USD
Data Scientist,Principal,India,135452,50,FT,S,USD
Frontend Engineer,Principal,United States,350671,100,FT,S,USD
DevOps Specialist,Senior,India,82692,50,FT,M,USD
Data Scientist,Junior,Canada,53802,100,FT,L,USD
Backend Developer,Lead,Netherlands,102859,0,FT,L,USD
Senior Software Engineer,Junior,Australia,52989,100,FT,M,USD
Backend Developer,Junior,Netherlands,50769,100,FT,M,USD
Data Scientist,Mid,Canada,67022,50,FT,M,USD
Cloud Security Engineer,Senior,Bangladesh,109735,100,FT,S,USD
Frontend Engineer,Senior,Bangladesh,105433,0,FT,S,USD
Fullstack Architect,Principal,Netherlands,120904,50,FT,S,USD
Frontend Engineer,Principal,Poland,125220,0,FT,L,USD
Backend Developer,Mid,Estonia,77163,0,FT,S,USD
Data Scientist,Senior,Poland,110952,0,FT,M,USD
Backend Developer,Lead,Poland,98864,0,FT,M,USD
Frontend Engineer,Mid,United Kingdom,76699,50,FT,M,USD
DevOps Specialist,Junior,India,50504,50,FT,M,USD
Frontend Engineer,Mid,United States,133456,0,FT,S,USD
Backend Developer,Lead,Netherlands,106108,0,FT,S,USD
Backend Developer,Senior,Poland,84898,0,FT,S,USD
Fullstack Architect,Mid,Bangladesh,81345,100,FT,L,USD
Data Scientist,Principal,Singapore,163627,0,FT,S,USD
DevOps Specialist,Junior,Germany,52419,100,FT,M,USD
Data Scientist,Lead,Canada,99255,50,FT,M,USD
Senior Software Engineer,Lead,Netherlands,102496,100,FT,L,USD
Backend Developer,Mid,United Kingdom,70911,50,FT,M,USD
Fullstack Architect,Junior,Australia,52913,50,FT,L,USD
Fullstack Architect,Senior,Canada,93926,0,FT,L,USD
Cloud Security Engineer,Principal,Singapore,157646,50,FT,S,USD
Cloud Security Engineer,Senior,Japan,116329,0,FT,S,USD
Fullstack Architect,Mid,Australia,60521,50,FT,L,USD
Cloud Security Engineer,Lead,Bangladesh,118796,100,FT,M,USD
Frontend Engineer,Lead,Germany,126354,0,FT,S,USD
Frontend Engineer,Junior,Poland,55334,50,FT,L,USD
DevOps Specialist,Senior,Australia,85542,0,FT,S,USD
Data Scientist,Principal,Canada,144279,0,FT,S,USD
Senior Software Engineer,Principal,Singapore,129224,50,FT,S,USD
Fullstack Architect,Senior,Japan,115391,0,FT,L,USD
Senior Software Engineer,Junior,India,54926,0,FT,S,USD
DevOps Specialist,Lead,India,101116,100,FT,S,USD
AI/ML Engineer,Senior,Poland,112120,0,FT,M,USD
Data Scientist,Mid,Singapore,70493,100,FT,S,USD
Backend Developer,Lead,India,101019,50,FT,L,USD
Frontend Engineer,Mid,Bangladesh,68782,50,FT,L,USD
DevOps Specialist,Junior,India,45340,0,FT,M,USD
Backend Developer,Lead,Canada,100895,50,FT,M,USD
AI/ML Engineer,Lead,Estonia,114842,0,FT,M,USD
AI/ML Engineer,Mid,Estonia,74443,100,FT,M,USD
Frontend Engineer,Mid,Canada,84479,0,FT,S,USD
AI/ML Engineer,Junior,Canada,50412,0,FT,S,USD
Senior Software Engineer,Junior,Netherlands,60113,100,FT,L,USD
DevOps Specialist,Junior,India,61976,0,FT,S,USD
AI/ML Engineer,Mid,Australia,62753,0,FT,S,USD
Backend Developer,Lead,Japan,124907,0,FT,S,USD
DevOps Specialist,Junior,Canada,49970,50,FT,L,USD
Backend Developer,Principal,India,148314,0,FT,L,USD
Fullstack Architect,Senior,Germany,95104,100,FT,L,USD
Frontend Engineer,Principal,India,156587,100,FT,L,USD
Fullstack Architect,Lead,United Kingdom,120354,50,FT,L,USD
Data Scientist,Mid,Bangladesh,83006,100,FT,L,USD
Senior Software Engineer,Senior,Bangladesh,108839,100,FT,S,USD
Data Scientist,Junior,Estonia,44637,0,FT,L,USD
AI/ML Engineer,Principal,Estonia,138448,0,FT,L,USD
Backend Developer,Lead,United Kingdom,107806,50,FT,S,USD
Fullstack Architect,Senior,United States,212039,50,FT,M,USD
Fullstack Architect,Lead,Estonia,110666,100,FT,S,USD
AI/ML Engineer,Lead,United States,289092,100,FT,S,USD
DevOps Specialist,Mid,Canada,65455,100,FT,M,USD
Senior Software Engineer,Lead,Bangladesh,127609,50,FT,S,USD
DevOps Specialist,Junior,Germany,55487,0,FT,M,USD
Backend Developer,Senior,India,89298,0,FT,M,USD
Cloud Security Engineer,Mid,Poland,84874,50,FT,M,USD
Data Scientist,Mid,Germany,66576,50,FT,S,USD
Data Scientist,Lead,Singapore,120432,100,FT,L,USD
DevOps Specialist,Lead,Poland,125094,100,FT,L,USD
Backend Developer,Lead,Japan,113467,50,FT,L,USD
AI/ML Engineer,Mid,Japan,80796,0,FT,S,USD
Cloud Security Engineer,Principal,Japan,121037,100,FT,M,USD
Data Scientist,Lead,Bangladesh,99070,0,FT,S,USD
Backend Developer,Senior,India,86527,100,FT,S,USD
AI/ML Engineer,Mid,Germany,78022,0,FT,M,USD
Backend Developer,Lead,Bangladesh,106140,100,FT,M,USD
DevOps Specialist,Junior,United Kingdom,51995,100,FT,M,USD
Fullstack Architect,Mid,United States,172354,0,FT,M,USD
Cloud Security Engineer,Lead,Australia,123026,50,FT,S,USD
Data Scientist,Junior,Singapore,48498,100,FT,M,USD
Frontend Engineer,Mid,Germany,68193,50,FT,L,USD
Frontend Engineer,Senior,Australia,100646,50,FT,S,USD
Fullstack Architect,Principal,Germany,156889,0,FT,M,USD
DevOps Specialist,Lead,India,122238,50,FT,M,USD
Senior Software Engineer,Mid,Poland,67276,50,FT,M,USD
AI/ML Engineer,Lead,United Kingdom,99802,100,FT,M,USD
DevOps Specialist,Principal,Australia,125470,100,FT,L,USD
Backend Developer,Principal,Estonia,147165,100,FT,L,USD
Cloud Security Engineer,Lead,India,137508,0,FT,M,USD
Cloud Security Engineer,Lead,India,127054,50,FT,S,USD
AI/ML Engineer,Lead,Poland,136506,50,FT,M,USD
Senior Software Engineer,Lead,Australia,128319,100,FT,L,USD
Frontend Engineer,Principal,Netherlands,140462,0,FT,M,USD
AI/ML Engineer,Senior,India,104059,100,FT,L,USD
Fullstack Architect,Mid,Singapore,59934,0,FT,L,USD
Fullstack Architect,Junior,United States,128665,100,FT,S,USD
Backend Developer,Mid,India,67485,0,FT,M,USD
AI/ML Engineer,Junior,Estonia,45333,100,FT,S,USD
Data Scientist,Lead,Australia,97628,0,FT,S,USD
Data Scientist,Principal,United States,370868,100,FT,M,USD
AI/ML Engineer,Senior,Poland,88470,50,FT,M,USD
DevOps Specialist,Senior,Estonia,91597,0,FT,L,USD
Fullstack Architect,Mid,Estonia,72592,0,FT,L,USD
Data Scientist,Mid,Netherlands,81102,100,FT,L,USD
DevOps Specialist,Mid,Australia,74605,50,FT,M,USD
Backend Developer,Lead,India,118545,50,FT,S,USD
Backend Developer,Lead,Germany,139041,50,FT,L,USD
DevOps Specialist,Mid,India,66927,100,FT,L,USD
Backend Developer,Junior,Bangladesh,58497,100,FT,L,USD
Frontend Engineer,Lead,India,124899,0,FT,M,USD
Fullstack Architect,Junior,Canada,58013,50,FT,L,USD
Cloud Security Engineer,Lead,Poland,111936,50,FT,L,USD
Frontend Engineer,Senior,Singapore,98693,50,FT,L,USD
Data Scientist,Senior,Germany,106798,50,FT,M,USD
DevOps Specialist,Senior,Canada,99038,50,FT,S,USD
Data Scientist,Junior,Poland,53108,100,FT,M,USD
Senior Software Engineer,Senior,Poland,98365,50,FT,M,USD
Fullstack Architect,Mid,Estonia,85346,100,FT,L,USD
Senior Software Engineer,Junior,Singapore,51939,50,FT,L,USD
Senior Software Engineer,Principal,Poland,139296,100,FT,M,USD
Data Scientist,Principal,United States,269252,0,FT,S,USD
Senior Software Engineer,Senior,Canada,109681,100,FT,L,USD
DevOps Specialist,Lead,Netherlands,112731,50,FT,S,USD
DevOps Specialist,Senior,Japan,88275,0,FT,M,USD
Fullstack Architect,Principal,Estonia,119102,100,FT,S,USD
Data Scientist,Senior,Estonia,95860,50,FT,L,USD
Fullstack Architect,Junior,Singapore,49388,50,FT,M,USD
Data Scientist,Lead,India,125813,50,FT,L,USD
Senior Software Engineer,Senior,Estonia,111845,0,FT,S,USD
DevOps Specialist,Senior,Estonia,95880,0,FT,L,USD
Senior Software Engineer,Mid,Poland,76676,100,FT,M,USD
Frontend Engineer,Principal,Canada,121073,50,FT,S,USD
Frontend Engineer,Lead,Estonia,133105,100,FT,L,USD
Fullstack Architect,Lead,Singapore,125833,0,FT,S,USD
AI/ML Engineer,Junior,Estonia,47029,0,FT,S,USD
Data Scientist,Mid,Australia,85162,100,FT,M,USD
Fullstack Architect,Mid,Netherlands,69880,50,FT,M,USD
DevOps Specialist,Senior,Singapore,108143,50,FT,L,USD
AI/ML Engineer,Lead,Poland,130277,50,FT,M,USD
Backend Developer,Junior,Australia,43838,0,FT,L,USD
Frontend Engineer,Junior,Poland,57582,100,FT,M,USD
Senior Software Engineer,Junior,United States,98773,100,FT,S,USD
Fullstack Architect,Junior,Poland,60363,50,FT,S,USD
DevOps Specialist,Junior,United Kingdom,49062,50,FT,L,USD
Backend Developer,Lead,India,139625,100,FT,M,USD
Backend Developer,Principal,India,170234,0,FT,L,USD
Cloud Security Engineer,Senior,Germany,84817,0,FT,M,USD
Backend Developer,Principal,Germany,155337,50,FT,L,USD
Cloud Security Engineer,Principal,Estonia,156518,100,FT,M,USD
Cloud Security Engineer,Junior,Estonia,54884,0,FT,S,USD
Data Scientist,Mid,Australia,71226,50,FT,L,USD
Senior Software Engineer,Mid,United States,154435,100,FT,S,USD
DevOps Specialist,Principal,Estonia,170615,0,FT,S,USD
AI/ML Engineer,Lead,Poland,115270,0,FT,L,USD
DevOps Specialist,Principal,Germany,145292,100,FT,S,USD
Frontend Engineer,Lead,Germany,98394,100,FT,M,USD
AI/ML Engineer,Senior,Estonia,91717,100,FT,S,USD
Cloud Security Engineer,Mid,Estonia,77929,50,FT,S,USD
Backend Developer,Junior,United Kingdom,60651,50,FT,L,USD
DevOps Specialist,Senior,Canada,103912,0,FT,M,USD
Data Scientist,Lead,United States,235812,100,FT,M,USD
DevOps Specialist,Junior,India,59617,100,FT,M,USD
Fullstack Architect,Principal,Poland,126649,50,FT,M,USD
AI/ML Engineer,Principal,Singapore,140265,0,FT,M,USD
AI/ML Engineer,Mid,Bangladesh,59675,100,FT,S,USD
Backend Developer,Senior,Estonia,93597,100,FT,M,USD
AI/ML Engineer,Mid,United States,140805,0,FT,L,USD
Cloud Security Engineer,Mid,Bangladesh,72242,50,FT,S,USD
Data Scientist,Junior,Germany,47554,100,FT,S,USD
Senior Software Engineer,Principal,Australia,169208,50,FT,L,USD
Senior Software Engineer,Junior,India,52324,50,FT,M,USD
DevOps Specialist,Senior,Singapore,97253,0,FT,L,USD
Cloud Security Engineer,Senior,Germany,98617,0,FT,L,USD
Senior Software Engineer,Mid,Canada,78075,0,FT,M,USD
Fullstack Architect,Mid,United States,142694,0,FT,L,USD
DevOps Specialist,Junior,Netherlands,46470,50,FT,S,USD
Cloud Security Engineer,Senior,Canada,104220,50,FT,M,USD
Frontend Engineer,Principal,Japan,162806,50,FT,S,USD
Fullstack Architect,Junior,Estonia,56970,100,FT,S,USD
AI/ML Engineer,Senior,Singapore,93289,100,FT,L,USD
Cloud Security Engineer,Junior,Australia,59767,0,FT,S,USD
Data Scientist,Senior,Japan,115348,50,FT,M,USD
Cloud Security Engineer,Mid,India,74396,100,FT,M,USD
Fullstack Architect,Principal,Poland,128784,0,FT,L,USD
Data Scientist,Junior,Germany,53605,100,FT,S,USD
Cloud Security Engineer,Principal,Canada,120934,100,FT,M,USD
Cloud Security Engineer,Principal,Estonia,150420,0,FT,M,USD
Senior Software Engineer,Principal,Australia,153503,0,FT,S,USD
Frontend Engineer,Mid,Estonia,65319,100,FT,L,USD
AI/ML Engineer,Principal,India,120599,100,FT,L,USD
DevOps Specialist,Mid,Poland,81228,50,FT,S,USD
Data Scientist,Lead,Japan,98852,0,FT,S,USD
Cloud Security Engineer,Mid,United States,149504,50,FT,S,USD
Backend Developer,Principal,Estonia,149374,0,FT,M,USD
Data Scientist,Senior,United Kingdom,86998,50,FT,S,USD
Senior Software Engineer,Junior,United States,129095,0,FT,L,USD
Cloud Security Engineer,Lead,Netherlands,104822,0,FT,M,USD
Fullstack Architect,Mid,India,67332,50,FT,M,USD
Senior Software Engineer,Junior,Canada,49488,50,FT,M,USD
Data Scientist,Junior,Singapore,55760,100,FT,L,USD
AI/ML Engineer,Senior,Estonia,111197,0,FT,S,USD
DevOps Specialist,Junior,India,44991,0,FT,L,USD
DevOps Specialist,Mid,Japan,70030,0,FT,S,USD
Data Scientist,Mid,Germany,77447,100,FT,L,USD
Senior Software Engineer,Senior,Germany,98880,50,FT,M,USD
Cloud Security Engineer,Junior,India,59995,0,FT,S,USD
Cloud Security Engineer,Senior,United Kingdom,112101,100,FT,M,USD
Senior Software Engineer,Senior,Canada,92982,100,FT,S,USD
DevOps Specialist,Junior,Netherlands,50148,0,FT,M,USD
Data Scientist,Principal,United Kingdom,154759,100,FT,L,USD
Senior Software Engineer,Lead,United States,231434,50,FT,L,USD
DevOps Specialist,Principal,Estonia,155299,100,FT,L,USD
DevOps Specialist,Junior,Poland,60008,100,FT,L,USD
Frontend Engineer,Mid,United Kingdom,72505,0,FT,S,USD
Fullstack Architect,Principal,United States,292114,50,FT,L,USD
Backend Developer,Principal,Estonia,142659,50,FT,L,USD
DevOps Specialist,Junior,Bangladesh,43479,100,FT,M,USD
Senior Software Engineer,Principal,Australia,152741,0,FT,S,USD
Fullstack Architect,Senior,Canada,101386,0,FT,L,USD
Fullstack Architect,Principal,Bangladesh,166792,0,FT,S,USD
Backend Developer,Mid,Poland,74915,50,FT,L,USD
Frontend Engineer,Senior,Singapore,91471,50,FT,L,USD
Fullstack Architect,Junior,India,51194,0,FT,L,USD
Data Scientist,Lead,Estonia,125000,100,FT,S,USD
AI/ML Engineer,Junior,Australia,55197,100,FT,S,USD
Frontend Engineer,Junior,Canada,57206,0,FT,S,USD
Data Scientist,Junior,Canada,53537,50,FT,S,USD
Fullstack Architect,Junior,Poland,60028,50,FT,L,USD
Senior Software Engineer,Senior,Netherlands,83278,50,FT,S,USD
AI/ML Engineer,Senior,India,111416,0,FT,M,USD
DevOps Specialist,Lead,Germany,130770,100,FT,S,USD
Frontend Engineer,Senior,Australia,114533,0,FT,M,USD
Fullstack Architect,Mid,Netherlands,62448,50,FT,S,USD
Senior Software Engineer,Principal,Netherlands,123702,50,FT,M,USD
DevOps Specialist,Lead,United States,222205,0,FT,S,USD
AI/ML Engineer,Principal,Singapore,147281,100,FT,S,USD
AI/ML Engineer,Lead,Poland,102060,100,FT,L,USD
AI/ML Engineer,Mid,United Kingdom,74882,50,FT,L,USD
Frontend Engineer,Junior,Estonia,46367,100,FT,L,USD
Frontend Engineer,Senior,Canada,88402,50,FT,S,USD
DevOps Specialist,Junior,Poland,52842,100,FT,S,USD
Backend Developer,Senior,India,109747,0,FT,L,USD
Backend Developer,Junior,India,55070,100,FT,L,USD
Cloud Security Engineer,Senior,United Kingdom,100549,50,FT,S,USD
Frontend Engineer,Lead,India,124117,50,FT,L,USD
Data Scientist,Mid,Netherlands,80423,100,FT,M,USD
Data Scientist,Junior,India,59795,50,FT,M,USD
Frontend Engineer,Junior,Germany,59447,100,FT,M,USD
Senior Software Engineer,Mid,Estonia,67925,100,FT,L,USD
Data Scientist,Junior,Canada,57527,50,FT,M,USD
AI/ML Engineer,Mid,Estonia,85735,100,FT,M,USD
Frontend Engineer,Mid,India,70830,100,FT,L,USD
Cloud Security Engineer,Senior,United Kingdom,114135,0,FT,L,USD
Fullstack Architect,Junior,Germany,57885,50,FT,S,USD
Data Scientist,Senior,Germany,98384,0,FT,S,USD
DevOps Specialist,Senior,United Kingdom,101613,50,FT,S,USD
Data Scientist,Mid,Japan,78586,0,FT,M,USD
Senior Software Engineer,Senior,Canada,108145,50,FT,S,USD
Backend Developer,Mid,Bangladesh,66570,50,FT,L,USD
AI/ML Engineer,Senior,Germany,104753,50,FT,M,USD
Fullstack Architect,Mid,Singapore,75027,0,FT,M,USD
Backend Developer,Senior,Germany,87680,0,FT,S,USD
Frontend Engineer,Mid,India,78717,100,FT,M,USD
Data Scientist,Senior,India,86183,0,FT,S,USD
Fullstack Architect,Principal,Netherlands,138118,0,FT,L,USD
Cloud Security Engineer,Principal,United Kingdom,167976,50,FT,M,USD
AI/ML Engineer,Junior,Singapore,53840,0,FT,L,USD
Fullstack Architect,Principal,Japan,169916,0,FT,L,USD
DevOps Specialist,Mid,Canada,75550,0,FT,L,USD
Backend Developer,Mid,Germany,78347,50,FT,S,USD
Senior Software Engineer,Principal,India,144842,100,FT,L,USD
DevOps Specialist,Senior,Japan,111117,0,FT,L,USD
Frontend Engineer,Junior,Germany,61450,0,FT,L,USD
Data Scientist,Lead,Japan,128657,50,FT,M,USD
Fullstack Architect,Senior,Singapore,116144,50,FT,S,USD
AI/ML Engineer,Senior,Germany,98399,0,FT,M,USD
Backend Developer,Senior,Netherlands,99215,100,FT,M,USD
Backend Developer,Mid,United States,184227,50,FT,M,USD
AI/ML Engineer,Principal,United Kingdom,150859,100,FT,L,USD
Senior Software Engineer,Mid,Estonia,78043,50,FT,L,USD
Cloud Security Engineer,Junior,Canada,60004,0,FT,L,USD
Backend Developer,Lead,Bangladesh,139529,50,FT,M,USD
Cloud Security Engineer,Mid,Germany,63804,0,FT,L,USD
Backend Developer,Mid,Bangladesh,74401,50,FT,S,USD
Frontend Engineer,Junior,Canada,43559,50,FT,M,USD
Senior Software Engineer,Junior,Poland,56992,100,FT,L,USD
Cloud Security Engineer,Principal,United Kingdom,147754,100,FT,M,USD
Frontend Engineer,Junior,Singapore,53013,50,FT,L,USD
DevOps Specialist,Mid,Australia,65403,50,FT,M,USD
DevOps Specialist,Junior,United States,103327,100,FT,S,USD
Cloud Security Engineer,Principal,Netherlands,148195,100,FT,S,USD
Senior Software Engineer,Mid,Japan,72517,0,FT,S,USD
Data Scientist,Principal,Canada,166531,100,FT,M,USD
Backend Developer,Senior,India,100262,0,FT,S,USD
Fullstack Architect,Junior,United Kingdom,54484,0,FT,L,USD
Backend Developer,Senior,India,94043,100,FT,M,USD
Cloud Security Engineer,Principal,Estonia,163331,100,FT,M,USD
Fullstack Architect,Senior,Canada,89563,0,FT,M,USD
AI/ML Engineer,Lead,United Kingdom,138554,50,FT,S,USD
Backend Developer,Principal,Poland,119005,0,FT,S,USD
Frontend Engineer,Mid,United Kingdom,67776,0,FT,S,USD
Fullstack Architect,Principal,United Kingdom,125896,100,FT,L,USD
Fullstack Architect,Senior,Singapore,84968,100,FT,M,USD
AI/ML Engineer,Junior,Canada,53114,50,FT,L,USD
AI/ML Engineer,Lead,Canada,127026,50,FT,M,USD
Frontend Engineer,Principal,Netherlands,139807,50,FT,L,USD
Senior Software Engineer,Lead,United Kingdom,129768,100,FT,S,USD
Senior Software Engineer,Senior,Singapore,114610,0,FT,S,USD
Frontend Engineer,Principal,Estonia,120874,0,FT,M,USD
Backend Developer,Principal,Japan,151219,100,FT,L,USD
Frontend Engineer,Mid,Canada,69201,100,FT,S,USD
Senior Software Engineer,Senior,Estonia,89740,0,FT,L,USD
Senior Software Engineer,Principal,Estonia,146385,50,FT,M,USD
Backend Developer,Junior,Estonia,45187,0,FT,M,USD
Data Scientist,Mid,Canada,59440,0,FT,L,USD
Frontend Engineer,Junior,India,57910,50,FT,M,USD
Cloud Security Engineer,Principal,India,131079,100,FT,L,USD
DevOps Specialist,Mid,Germany,63229,50,FT,L,USD
Senior Software Engineer,Junior,United States,120270,0,FT,M,USD
Backend Developer,Principal,Poland,157509,0,FT,M,USD
Cloud Security Engineer,Principal,Singapore,169576,50,FT,L,USD
AI/ML Engineer,Mid,United States,160806,100,FT,M,USD
Data Scientist,Senior,Estonia,96194,100,FT,M,USD
Senior Software Engineer,Principal,Poland,151653,50,FT,L,USD
Cloud Security Engineer,Lead,Japan,121173,100,FT,S,USD
Senior Software Engineer,Junior,United Kingdom,62297,100,FT,L,USD
DevOps Specialist,Mid,Netherlands,65157,50,FT,M,USD
Cloud Security Engineer,Senior,Australia,110985,100,FT,M,USD
Data Scientist,Principal,Australia,140418,0,FT,L,USD
Frontend Engineer,Senior,India,94349,100,FT,S,USD
Frontend Engineer,Mid,Bangladesh,62298,0,FT,L,USD
Frontend Engineer,Principal,United States,267405,100,FT,S,USD
Backend Developer,Junior,Canada,52427,100,FT,L,USD
Senior Software Engineer,Senior,Netherlands,111460,0,FT,S,USD
Cloud Security Engineer,Senior,Germany,110829,0,FT,S,USD
Backend Developer,Junior,Estonia,52098,50,FT,S,USD
DevOps Specialist,Principal,Netherlands,128443,50,FT,L,USD
Cloud Security Engineer,Mid,Bangladesh,84538,50,FT,S,USD
Frontend Engineer,Senior,Poland,89136,100,FT,S,USD
DevOps Specialist,Mid,Estonia,83973,0,FT,M,USD
Senior Software Engineer,Junior,Canada,46734,50,FT,M,USD
DevOps Specialist,Principal,Germany,132265,0,FT,L,USD
Backend Developer,Senior,United States,246725,100,FT,M,USD
Fullstack Architect,Principal,Singapore,155996,50,FT,M,USD
Frontend Engineer,Lead,Bangladesh,137620,0,FT,M,USD
Cloud Security Engineer,Lead,India,138109,50,FT,S,USD
DevOps Specialist,Principal,India,163247,50,FT,S,USD
Cloud Security Engineer,Senior,Germany,99540,100,FT,M,USD
DevOps Specialist,Lead,Bangladesh,118410,100,FT,M,USD
Data Scientist,Mid,Poland,68049,100,FT,M,USD
Cloud Security Engineer,Senior,India,92548,0,FT,L,USD
Senior Software Engineer,Principal,Germany,132862,50,FT,L,USD
DevOps Specialist,Mid,Netherlands,74704,100,FT,S,USD
Cloud Security Engineer,Mid,Netherlands,59623,50,FT,L,USD
DevOps Specialist,Senior,Singapore,87291,50,FT,L,USD
Backend Developer,Mid,Netherlands,71869,50,FT,M,USD
AI/ML Engineer,Lead,India,98104,0,FT,S,USD
DevOps Specialist,Junior,United Kingdom,43395,100,FT,S,USD
Backend Developer,Principal,Poland,157310,100,FT,L,USD
Cloud Security Engineer,Lead,Singapore,122259,50,FT,S,USD
Frontend Engineer,Senior,United States,223000,50,FT,S,USD
Frontend Engineer,Mid,Estonia,67413,100,FT,L,USD
Data Scientist,Lead,Singapore,127686,100,FT,M,USD
Backend Developer,Mid,United States,132636,100,FT,L,USD
Fullstack Architect,Mid,Bangladesh,80853,0,FT,S,USD
Cloud Security Engineer,Mid,Singapore,62812,50,FT,S,USD
Fullstack Architect,Junior,Netherlands,48545,100,FT,S,USD
Frontend Engineer,Principal,United States,359894,50,FT,L,USD
Frontend Engineer,Lead,Bangladesh,109185,100,FT,M,USD
Fullstack Architect,Mid,Singapore,62475,100,FT,S,USD
Senior Software Engineer,Senior,Netherlands,95585,0,FT,L,USD
Cloud Security Engineer,Lead,Germany,135943,100,FT,L,USD
Frontend Engineer,Mid,Canada,59457,50,FT,L,USD
Senior Software Engineer,Principal,Estonia,128678,0,FT,S,USD
Data Scientist,Principal,Canada,151048,50,FT,S,USD
Frontend Engineer,Senior,Singapore,99007,100,FT,M,USD
AI/ML Engineer,Principal,Netherlands,141327,100,FT,M,USD
Senior Software Engineer,Mid,Estonia,69063,50,FT,M,USD
Senior Software Engineer,Mid,Canada,83864,50,FT,M,USD
Cloud Security Engineer,Junior,Singapore,54710,100,FT,S,USD
Cloud Security Engineer,Principal,Estonia,166299,50,FT,M,USD
Data Scientist,Lead,United Kingdom,99744,50,FT,M,USD
AI/ML Engineer,Lead,Poland,114310,0,FT,M,USD
DevOps Specialist,Junior,Netherlands,50478,0,FT,S,USD
Fullstack Architect,Mid,Bangladesh,75368,0,FT,L,USD
Frontend Engineer,Principal,United States,355022,100,FT,M,USD
Data Scientist,Principal,Canada,129037,100,FT,M,USD
Fullstack Architect,Mid,United States,128703,100,FT,S,USD
Senior Software Engineer,Junior,Australia,51268,100,FT,S,USD
Fullstack Architect,Mid,United Kingdom,84349,50,FT,S,USD
Data Scientist,Mid,Canada,80760,0,FT,M,USD
Backend Developer,Lead,United Kingdom,134824,0,FT,M,USD
Data Scientist,Mid,United Kingdom,70996,50,FT,M,USD
Senior Software Engineer,Mid,Estonia,79561,100,FT,M,USD
Fullstack Architect,Junior,Japan,53394,0,FT,S,USD
Senior Software Engineer,Junior,Poland,51535,0,FT,L,USD
Cloud Security Engineer,Principal,Japan,134924,100,FT,M,USD
Senior Software Engineer,Senior,India,115471,100,FT,S,USD
Senior Software Engineer,Lead,Poland,139928,0,FT,L,USD
Frontend Engineer,Senior,Germany,113836,0,FT,S,USD
Frontend Engineer,Senior,Bangladesh,97295,100,FT,S,USD
Cloud Security Engineer,Lead,Canada,113102,100,FT,M,USD
Backend Developer,Senior,United Kingdom,113188,0,FT,M,USD
DevOps Specialist,Mid,Estonia,71442,50,FT,L,USD
Fullstack Architect,Junior,Netherlands,54878,0,FT,S,USD
Data Scientist,Mid,United Kingdom,62662,50,FT,S,USD
AI/ML Engineer,Junior,Australia,60969,100,FT,L,USD
Fullstack Architect,Senior,Singapore,83849,0,FT,S,USD
Cloud Security Engineer,Principal,India,142877,0,FT,L,USD
Fullstack Architect,Mid,Japan,63698,0,FT,M,USD
Fullstack Architect,Senior,Japan,108426,100,FT,L,USD
Fullstack Architect,Principal,United States,257407,50,FT,S,USD
Backend Developer,Senior,Singapore,106673,100,FT,L,USD
Frontend Engineer,Principal,Bangladesh,130652,100,FT,S,USD
Cloud Security Engineer,Senior,Poland,109606,0,FT,M,USD
DevOps Specialist,Lead,India,139685,100,FT,L,USD
Senior Software Engineer,Senior,Netherlands,116038,0,FT,M,USD
AI/ML Engineer,Junior,Bangladesh,49722,0,FT,L,USD
AI/ML Engineer,Principal,Poland,150026,0,FT,S,USD
Cloud Security Engineer,Principal,Bangladesh,167201,100,FT,M,USD
Backend Developer,Senior,Canada,116695,50,FT,M,USD
Data Scientist,Lead,United States,290076,100,FT,S,USD
Data Scientist,Principal,Japan,163841,0,FT,L,USD
AI/ML Engineer,Lead,Bangladesh,118965,0,FT,M,USD
Fullstack Architect,Principal,Singapore,142606,0,FT,L,USD
Fullstack Architect,Mid,Poland,79395,50,FT,S,USD
Backend Developer,Lead,Australia,103866,0,FT,S,USD
AI/ML Engineer,Principal,Bangladesh,156985,50,FT,S,USD
Senior Software Engineer,Lead,Japan,139205,100,FT,S,USD
DevOps Specialist,Senior,United States,250408,50,FT,L,USD
Data Scientist,Lead,Singapore,121743,100,FT,S,USD
Senior Software Engineer,Mid,Netherlands,84914,50,FT,L,USD
Frontend Engineer,Senior,Estonia,109268,100,FT,M,USD
Backend Developer,Junior,India,45543,0,FT,L,USD
Cloud Security Engineer,Junior,Singapore,52650,0,FT,S,USD
AI/ML Engineer,Mid,India,61108,50,FT,M,USD
Fullstack Architect,Mid,Germany,66468,0,FT,S,USD
Fullstack Architect,Lead,Australia,122753,100,FT,L,USD
Senior Software Engineer,Junior,Netherlands,50107,50,FT,M,USD
DevOps Specialist,Lead,Australia,118987,0,FT,M,USD
AI/ML Engineer,Lead,Bangladesh,119127,100,FT,S,USD
DevOps Specialist,Senior,Japan,112704,50,FT,M,USD
Cloud Security Engineer,Principal,Bangladesh,168013,0,FT,M,USD
Fullstack Architect,Mid,United States,139847,100,FT,M,USD
Fullstack Architect,Junior,United Kingdom,61566,50,FT,M,USD
Frontend Engineer,Lead,Singapore,122745,0,FT,S,USD
Frontend Engineer,Mid,Germany,83151,0,FT,L,USD
Backend Developer,Senior,Poland,87508,100,FT,M,USD
Backend Developer,Principal,Germany,137417,0,FT,M,USD
Fullstack Architect,Principal,Bangladesh,144349,50,FT,S,USD
Data Scientist,Junior,United Kingdom,60610,100,FT,M,USD
Fullstack Architect,Lead,United States,219438,0,FT,M,USD
Frontend Engineer,Lead,Estonia,121311,0,FT,S,USD
DevOps Specialist,Lead,Germany,119195,100,FT,L,USD
DevOps Specialist,Lead,Estonia,122887,0,FT,M,USD
Cloud Security Engineer,Junior,Japan,55323,50,FT,S,USD
Data Scientist,Mid,Singapore,74468,50,FT,S,USD
Backend Developer,Mid,Australia,75075,100,FT,M,USD
Data Scientist,Principal,Bangladesh,142005,0,FT,S,USD
Cloud Security Engineer,Junior,Poland,47320,0,FT,M,USD
Fullstack Architect,Principal,Poland,169114,100,FT,M,USD
AI/ML Engineer,Senior,Japan,84712,100,FT,L,USD
Data Scientist,Mid,Poland,69074,100,FT,L,USD
Fullstack Architect,Mid,Bangladesh,78639,0,FT,L,USD
AI/ML Engineer,Senior,Australia,101442,100,FT,S,USD
AI/ML Engineer,Senior,Australia,96845,100,FT,M,USD
Backend Developer,Senior,Canada,83932,0,FT,M,USD
Fullstack Architect,Principal,Netherlands,145925,0,FT,M,USD
Fullstack Architect,Lead,Germany,128299,50,FT,L,USD
Fullstack Architect,Mid,United States,161701,0,FT,L,USD
AI/ML Engineer,Lead,Bangladesh,126490,0,FT,S,USD
